anno,codice_regione,codice_nuts_1,descrizione_nuts_1,codice_nuts_2,denominazione_regione,sigla_regione,latitudine_regione,longitudine_regione,range_eta,totale_genere_maschile,totale_genere_femminile,totale_generale,range_eta_mappato
2019,1,ITC,Nord-ovest,ITC1,Piemonte,PIE,45.0733,7.6807,0-14,267029,281133,548162,0-15
2019,1,ITC,Nord-ovest,ITC1,Piemonte,PIE,45.0733,7.6807,15-29,320748,331089,651837,16-29
2019,1,ITC,Nord-ovest,ITC1,Piemonte,PIE,45.0733,7.6807,30-49,501993,525602,1027595,30-49
2019,1,ITC,Nord-ovest,ITC1,Piemonte,PIE,45.0733,7.6807,50-69,560104,593754,1153858,50-69
2019,1,ITC,Nord-ovest,ITC1,Piemonte,PIE,45.0733,7.6807,70+,360956,371736,732692,70+
2019,2,ITC,Nord-ovest,ITC4,Valle d'Aosta,VDA,45.737,7.3207,0-14,14783,15632,30415,0-15
2019,2,ITC,Nord-ovest,ITC4,Valle d'Aosta,VDA,45.737,7.3207,15-29,17890,18706,36596,16-29
2019,2,ITC,Nord-ovest,ITC4,Valle d'Aosta,VDA,45.737,7.3207,30-49,30786,32222,63008,30-49
2019,2,ITC,Nord-ovest,ITC4,Valle d'Aosta,VDA,45.737,7.3207,50-69,32771,34677,67448,50-69
2019,2,ITC,Nord-ovest,ITC4,Valle d'Aosta,VDA,45.737,7.3207,70+,20737,21572,42309,70+
2019,3,ITC,Nord-ovest,ITC3,Lombardia,LOM,45.4642,9.19,0-14,653962,676641,1330603,0-15
2019,3,ITC,Nord-ovest,ITC3,Lombardia,LOM,45.4642,9.19,15-29,766085,810617,1576702,16-29
2019,3,ITC,Nord-ovest,ITC3,Lombardia,LOM,45.4642,9.19,30-49,1290145,1331473,2621618,30-49
2019,3,ITC,Nord-ovest,ITC3,Lombardia,LOM,45.4642,9.19,50-69,1359381,1435166,2794547,50-69
2019,3,ITC,Nord-ovest,ITC3,Lombardia,LOM,45.4642,9.19,70+,862126,884423,1746549,70+
2019,4,ITC,Nord-ovest,ITC4,Trentino-Alto Adige,TAA,46.4993,11.3548,0-14,81309,85424,166733,0-15
2019,4,ITC,Nord-ovest,ITC4,Trentino-Alto Adige,TAA,46.4993,11.3548,15-29,99106,104394,203500,16-29
2019,4,ITC,Nord-ovest,ITC4,Trentino-Alto Adige,TAA,46.4993,11.3548,30-49,164785,170098,334883,30-49
2019,4,ITC,Nord-ovest,ITC4,Trentino-Alto Adige,TAA,46.4993,11.3548,50-69,174995,185297,360292,50-69
2019,4,ITC,Nord-ovest,ITC4,Trentino-Alto Adige,TAA,46.4993,11.3548,70+,104210,107039,211249,70+
2019,5,ITD,Nord-est,ITD1,Veneto,VEN,45.4349,12.3385,0-14,305580,315935,621515,0-15
2019,5,ITD,Nord-est,ITD1,Veneto,VEN,45.4349,12.3385,15-29,371954,381852,753806,16-29
2019,5,ITD,Nord-est,ITD1,Veneto,VEN,45.4349,12.3385,30-49,622174,644454,1266628,30-49
2019,5,ITD,Nord-est,ITD1,Veneto,VEN,45.4349,12.3385,50-69,677625,715596,1393221,50-69
2019,5,ITD,Nord-est,ITD1,Veneto,VEN,45.4349,12.3385,70+,422128,440156,862284,70+
2019,6,ITD,Nord-est,ITD5,Friuli-Venezia Giulia,FVG,45.6495,13.7689,0-14,81209,85904,167113,0-15
2019,6,ITD,Nord-est,ITD5,Friuli-Venezia Giulia,FVG,45.6495,13.7689,15-29,100104,106072,206176,16-29
2019,6,ITD,Nord-est,ITD5,Friuli-Venezia Giulia,FVG,45.6495,13.7689,30-49,169476,176595,346071,30-49
2019,6,ITD,Nord-est,ITD5,Friuli-Venezia Giulia,FVG,45.6495,13.7689,50-69,176512,182016,358528,50-69
2019,6,ITD,Nord-est,ITD5,Friuli-Venezia Giulia,FVG,45.6495,13.7689,70+,112933,119710,232643,70+
2019,7,ITD,Nord-est,ITD3,Liguria,LIG,44.4056,8.9463,0-14,95930,99250,195180,0-15
2019,7,ITD,Nord-est,ITD3,Liguria,LIG,44.4056,8.9463,15-29,111887,117708,229595,16-29
2019,7,ITD,Nord-est,ITD3,Liguria,LIG,44.4056,8.9463,30-49,180376,187733,368109,30-49
2019,7,ITD,Nord-est,ITD3,Liguria,LIG,44.4056,8.9463,50-69,204210,209966,414176,50-69
2019,7,ITD,Nord-est,ITD3,Liguria,LIG,44.4056,8.9463,70+,123873,129565,253438,70+
2019,8,ITE,Centro,ITE1,Emilia-Romagna,EMR,44.4949,11.3426,0-14,269843,280921,550764,0-15
2019,8,ITE,Centro,ITE1,Emilia-Romagna,EMR,44.4949,11.3426,15-29,339139,355982,695121,16-29
2019,8,ITE,Centro,ITE1,Emilia-Romagna,EMR,44.4949,11.3426,30-49,554223,577010,1131233,30-49
2019,8,ITE,Centro,ITE1,Emilia-Romagna,EMR,44.4949,11.3426,50-69,580076,598141,1178217,50-69
2019,8,ITE,Centro,ITE1,Emilia-Romagna,EMR,44.4949,11.3426,70+,362399,372454,734853,70+
2019,9,ITE,Centro,ITE2,Toscana,TOS,43.7696,11.2558,0-14,233030,239531,472561,0-15
2019,9,ITE,Centro,ITE2,Toscana,TOS,43.7696,11.2558,15-29,286080,301125,587205,16-29
2019,9,ITE,Centro,ITE2,Toscana,TOS,43.7696,11.2558,30-49,468611,488610,957221,30-49
2019,9,ITE,Centro,ITE2,Toscana,TOS,43.7696,11.2558,50-69,484416,508241,992657,50-69
2019,9,ITE,Centro,ITE2,Toscana,TOS,43.7696,11.2558,70+,281780,298087,579867,70+
2019,10,ITE,Centro,ITE3,Umbria,UMB,43.1068,12.3888,0-14,69861,73616,143477,0-15
2019,10,ITE,Centro,ITE3,Umbria,UMB,43.1068,12.3888,15-29,82477,84680,167157,16-29
2019,10,ITE,Centro,ITE3,Umbria,UMB,43.1068,12.3888,30-49,134406,139227,273633,30-49
2019,10,ITE,Centro,ITE3,Umbria,UMB,43.1068,12.3888,50-69,144421,152192,296613,50-69
2019,10,ITE,Centro,ITE3,Umbria,UMB,43.1068,12.3888,70+,87804,90138,177942,70+
2019,11,ITE,Centro,ITE4,Marche,MAR,43.6168,13.5189,0-14,95293,98456,193749,0-15
2019,11,ITE,Centro,ITE4,Marche,MAR,43.6168,13.5189,15-29,122820,127142,249962,16-29
2019,11,ITE,Centro,ITE4,Marche,MAR,43.6168,13.5189,30-49,194068,199312,393380,30-49
2019,11,ITE,Centro,ITE4,Marche,MAR,43.6168,13.5189,50-69,209003,221152,430155,50-69
2019,11,ITE,Centro,ITE4,Marche,MAR,43.6168,13.5189,70+,124141,127514,251655,70+
2019,12,ITE,Centro,ITE4,Lazio,LAZ,41.9028,12.4964,0-14,381265,401255,782520,0-15
2019,12,ITE,Centro,ITE4,Lazio,LAZ,41.9028,12.4964,15-29,457782,470447,928229,16-29
2019,12,ITE,Centro,ITE4,Lazio,LAZ,41.9028,12.4964,30-49,746842,776086,1522928,30-49
2019,12,ITE,Centro,ITE4,Lazio,LAZ,41.9028,12.4964,50-69,802379,849545,1651924,50-69
2019,12,ITE,Centro,ITE4,Lazio,LAZ,41.9028,12.4964,70+,502656,524993,1027649,70+
2019,13,ITF,Sud,ITF1,Abruzzo,ABR,42.3512,13.3984,0-14,84572,87402,171974,0-15
2019,13,ITF,Sud,ITF1,Abruzzo,ABR,42.3512,13.3984,15-29,99118,104352,203470,16-29
2019,13,ITF,Sud,ITF1,Abruzzo,ABR,42.3512,13.3984,30-49,172036,176203,348239,30-49
2019,13,ITF,Sud,ITF1,Abruzzo,ABR,42.3512,13.3984,50-69,174521,182002,356523,50-69
2019,13,ITF,Sud,ITF1,Abruzzo,ABR,42.3512,13.3984,70+,113891,118660,232551,70+
2019,14,ITF,Sud,ITF2,Molise,MOL,41.5603,14.6655,0-14,23157,24532,47689,0-15
2019,14,ITF,Sud,ITF2,Molise,MOL,41.5603,14.6655,15-29,28290,29442,57732,16-29
2019,14,ITF,Sud,ITF2,Molise,MOL,41.5603,14.6655,30-49,47266,48836,96102,30-49
2019,14,ITF,Sud,ITF2,Molise,MOL,41.5603,14.6655,50-69,50309,52021,102330,50-69
2019,14,ITF,Sud,ITF2,Molise,MOL,41.5603,14.6655,70+,30520,31232,61752,70+
2019,15,ITF,Sud,ITF3,Campania,CAM,40.8399,14.2525,0-14,379306,397403,776709,0-15
2019,15,ITF,Sud,ITF3,Campania,CAM,40.8399,14.2525,15-29,435989,449380,885369,16-29
2019,15,ITF,Sud,ITF3,Campania,CAM,40.8399,14.2525,30-49,748952,780894,1529846,30-49
2019,15,ITF,Sud,ITF3,Campania,CAM,40.8399,14.2525,50-69,797440,825328,1622768,50-69
2019,15,ITF,Sud,ITF3,Campania,CAM,40.8399,14.2525,70+,494117,511431,1005548,70+
2019,16,ITF,Sud,ITF4,Puglia,PUG,41.1258,16.867,0-14,254265,265321,519586,0-15
2019,16,ITF,Sud,ITF4,Puglia,PUG,41.1258,16.867,15-29,316806,324816,641622,16-29
2019,16,ITF,Sud,ITF4,Puglia,PUG,41.1258,16.867,30-49,515815,541606,1057421,30-49
2019,16,ITF,Sud,ITF4,Puglia,PUG,41.1258,16.867,50-69,537755,552987,1090742,50-69
2019,16,ITF,Sud,ITF4,Puglia,PUG,41.1258,16.867,70+,334792,347574,682366,70+
2019,17,ITF,Sud,ITF5,Basilicata,BAS,40.6395,15.8052,0-14,39829,41846,81675,0-15
2019,17,ITF,Sud,ITF5,Basilicata,BAS,40.6395,15.8052,15-29,53392,55787,109179,16-29
2019,17,ITF,Sud,ITF5,Basilicata,BAS,40.6395,15.8052,30-49,85432,89077,174509,30-49
2019,17,ITF,Sud,ITF5,Basilicata,BAS,40.6395,15.8052,50-69,89561,92978,182539,50-69
2019,17,ITF,Sud,ITF5,Basilicata,BAS,40.6395,15.8052,70+,54771,56578,111349,70+
2019,18,ITF,Sud,ITF6,Calabria,CAL,38.9059,16.5944,0-14,201664,214035,415699,0-15
2019,18,ITF,Sud,ITF6,Calabria,CAL,38.9059,16.5944,15-29,243872,253000,496872,16-29
2019,18,ITF,Sud,ITF6,Calabria,CAL,38.9059,16.5944,30-49,407258,416252,823510,30-49
2019,18,ITF,Sud,ITF6,Calabria,CAL,38.9059,16.5944,50-69,428213,453818,882031,50-69
2019,18,ITF,Sud,ITF6,Calabria,CAL,38.9059,16.5944,70+,241737,252541,494278,70+
2019,19,ITG,Isole,ITG1,Sicilia,SIC,38.1157,13.3615,0-14,322114,337080,659194,0-15
2019,19,ITG,Isole,ITG1,Sicilia,SIC,38.1157,13.3615,15-29,377915,389549,767464,16-29
2019,19,ITG,Isole,ITG1,Sicilia,SIC,38.1157,13.3615,30-49,607771,638611,1246382,30-49
2019,19,ITG,Isole,ITG1,Sicilia,SIC,38.1157,13.3615,50-69,711573,734869,1446442,50-69
2019,19,ITG,Isole,ITG1,Sicilia,SIC,38.1157,13.3615,70+,429379,444309,873688,70+
2019,20,ITG,Isole,ITG2,Sardegna,SAR,39.2153,9.1106,0-14,103562,106027,209589,0-15
2019,20,ITG,Isole,ITG2,Sardegna,SAR,39.2153,9.1106,15-29,124579,131447,256026,16-29
2019,20,ITG,Isole,ITG2,Sardegna,SAR,39.2153,9.1106,30-49,197605,205462,403067,30-49
2019,20,ITG,Isole,ITG2,Sardegna,SAR,39.2153,9.1106,50-69,215312,221356,436668,50-69
2019,20,ITG,Isole,ITG2,Sardegna,SAR,39.2153,9.1106,70+,135156,143083,278239,70+
2020,1,ITC,Nord-ovest,ITC1,Piemonte,PIE,45.0733,7.6807,0-14,253246,258964,512210,0-15
2020,1,ITC,Nord-ovest,ITC1,Piemonte,PIE,45.0733,7.6807,15-29,309595,323607,633202,16-29
2020,1,ITC,Nord-ovest,ITC1,Piemonte,PIE,45.0733,7.6807,30-49,499910,518202,1018112,30-49
2020,1,ITC,Nord-ovest,ITC1,Piemonte,PIE,45.0733,7.6807,50-69,532529,563608,1096137,50-69
2020,1,ITC,Nord-ovest,ITC1,Piemonte,PIE,45.0733,7.6807,70+,340377,350562,690939,70+
2020,2,ITC,Nord-ovest,ITC4,Valle d'Aosta,VDA,45.737,7.3207,0-14,15020,15588,30608,0-15
2020,2,ITC,Nord-ovest,ITC4,Valle d'Aosta,VDA,45.737,7.3207,15-29,19254,20308,39562,16-29
2020,2,ITC,Nord-ovest,ITC4,Valle d'Aosta,VDA,45.737,7.3207,30-49,30863,31506,62369,30-49
2020,2,ITC,Nord-ovest,ITC4,Valle d'Aosta,VDA,45.737,7.3207,50-69,31135,32930,64065,50-69
2020,2,ITC,Nord-ovest,ITC4,Valle d'Aosta,VDA,45.737,7.3207,70+,20570,21426,41996,70+
2020,3,ITC,Nord-ovest,ITC3,Lombardia,LOM,45.4642,9.19,0-14,608238,622497,1230735,0-15
2020,3,ITC,Nord-ovest,ITC3,Lombardia,LOM,45.4642,9.19,15-29,788814,821589,1610403,16-29
2020,3,ITC,Nord-ovest,ITC3,Lombardia,LOM,45.4642,9.19,30-49,1207516,1238319,2445835,30-49
2020,3,ITC,Nord-ovest,ITC3,Lombardia,LOM,45.4642,9.19,50-69,1352699,1384607,2737306,50-69
2020,3,ITC,Nord-ovest,ITC3,Lombardia,LOM,45.4642,9.19,70+,858928,887962,1746890,70+
2020,4,ITC,Nord-ovest,ITC4,Trentino-Alto Adige,TAA,46.4993,11.3548,0-14,77762,82464,160226,0-15
2020,4,ITC,Nord-ovest,ITC4,Trentino-Alto Adige,TAA,46.4993,11.3548,15-29,102056,104974,207030,16-29
2020,4,ITC,Nord-ovest,ITC4,Trentino-Alto Adige,TAA,46.4993,11.3548,30-49,159904,169696,329600,30-49
2020,4,ITC,Nord-ovest,ITC4,Trentino-Alto Adige,TAA,46.4993,11.3548,50-69,166989,174227,341216,50-69
2020,4,ITC,Nord-ovest,ITC4,Trentino-Alto Adige,TAA,46.4993,11.3548,70+,99210,103446,202656,70+
2020,5,ITD,Nord-est,ITD1,Veneto,VEN,45.4349,12.3385,0-14,326946,337898,664844,0-15
2020,5,ITD,Nord-est,ITD1,Veneto,VEN,45.4349,12.3385,15-29,366810,380517,747327,16-29
2020,5,ITD,Nord-est,ITD1,Veneto,VEN,45.4349,12.3385,30-49,618340,633752,1252092,30-49
2020,5,ITD,Nord-est,ITD1,Veneto,VEN,45.4349,12.3385,50-69,690425,709031,1399456,50-69
2020,5,ITD,Nord-est,ITD1,Veneto,VEN,45.4349,12.3385,70+,409138,426263,835401,70+
2020,6,ITD,Nord-est,ITD5,Friuli-Venezia Giulia,FVG,45.6495,13.7689,0-14,85548,90114,175662,0-15
2020,6,ITD,Nord-est,ITD5,Friuli-Venezia Giulia,FVG,45.6495,13.7689,15-29,99686,105459,205145,16-29
2020,6,ITD,Nord-est,ITD5,Friuli-Venezia Giulia,FVG,45.6495,13.7689,30-49,170141,174738,344879,30-49
2020,6,ITD,Nord-est,ITD5,Friuli-Venezia Giulia,FVG,45.6495,13.7689,50-69,176919,184057,360976,50-69
2020,6,ITD,Nord-est,ITD5,Friuli-Venezia Giulia,FVG,45.6495,13.7689,70+,108982,113325,222307,70+
2020,7,ITD,Nord-est,ITD3,Liguria,LIG,44.4056,8.9463,0-14,93251,96707,189958,0-15
2020,7,ITD,Nord-est,ITD3,Liguria,LIG,44.4056,8.9463,15-29,114108,117169,231277,16-29
2020,7,ITD,Nord-est,ITD3,Liguria,LIG,44.4056,8.9463,30-49,196882,205108,401990,30-49
2020,7,ITD,Nord-est,ITD3,Liguria,LIG,44.4056,8.9463,50-69,213539,219376,432915,50-69
2020,7,ITD,Nord-est,ITD3,Liguria,LIG,44.4056,8.9463,70+,119347,126056,245403,70+
2020,8,ITE,Centro,ITE1,Emilia-Romagna,EMR,44.4949,11.3426,0-14,278214,291080,569294,0-15
2020,8,ITE,Centro,ITE1,Emilia-Romagna,EMR,44.4949,11.3426,15-29,339383,350928,690311,16-29
2020,8,ITE,Centro,ITE1,Emilia-Romagna,EMR,44.4949,11.3426,30-49,519836,551666,1071502,30-49
2020,8,ITE,Centro,ITE1,Emilia-Romagna,EMR,44.4949,11.3426,50-69,604241,623458,1227699,50-69
2020,8,ITE,Centro,ITE1,Emilia-Romagna,EMR,44.4949,11.3426,70+,343536,361961,705497,70+
2020,9,ITE,Centro,ITE2,Toscana,TOS,43.7696,11.2558,0-14,216911,224190,441101,0-15
2020,9,ITE,Centro,ITE2,Toscana,TOS,43.7696,11.2558,15-29,262169,277044,539213,16-29
2020,9,ITE,Centro,ITE2,Toscana,TOS,43.7696,11.2558,30-49,451371,472011,923382,30-49
2020,9,ITE,Centro,ITE2,Toscana,TOS,43.7696,11.2558,50-69,471991,495175,967166,50-69
2020,9,ITE,Centro,ITE2,Toscana,TOS,43.7696,11.2558,70+,281335,294216,575551,70+
2020,10,ITE,Centro,ITE3,Umbria,UMB,43.1068,12.3888,0-14,66113,68398,134511,0-15
2020,10,ITE,Centro,ITE3,Umbria,UMB,43.1068,12.3888,15-29,82734,84961,167695,16-29
2020,10,ITE,Centro,ITE3,Umbria,UMB,43.1068,12.3888,30-49,130302,137917,268219,30-49
2020,10,ITE,Centro,ITE3,Umbria,UMB,43.1068,12.3888,50-69,151563,160877,312440,50-69
2020,10,ITE,Centro,ITE3,Umbria,UMB,43.1068,12.3888,70+,92840,98499,191339,70+
2020,11,ITE,Centro,ITE4,Marche,MAR,43.6168,13.5189,0-14,100027,102536,202563,0-15
2020,11,ITE,Centro,ITE4,Marche,MAR,43.6168,13.5189,15-29,111400,114813,226213,16-29
2020,11,ITE,Centro,ITE4,Marche,MAR,43.6168,13.5189,30-49,187135,193052,380187,30-49
2020,11,ITE,Centro,ITE4,Marche,MAR,43.6168,13.5189,50-69,195680,202368,398048,50-69
2020,11,ITE,Centro,ITE4,Marche,MAR,43.6168,13.5189,70+,126024,133469,259493,70+
2020,12,ITE,Centro,ITE4,Lazio,LAZ,41.9028,12.4964,0-14,379839,390386,770225,0-15
2020,12,ITE,Centro,ITE4,Lazio,LAZ,41.9028,12.4964,15-29,446083,470155,916238,16-29
2020,12,ITE,Centro,ITE4,Lazio,LAZ,41.9028,12.4964,30-49,751725,784947,1536672,30-49
2020,12,ITE,Centro,ITE4,Lazio,LAZ,41.9028,12.4964,50-69,821121,842105,1663226,50-69
2020,12,ITE,Centro,ITE4,Lazio,LAZ,41.9028,12.4964,70+,490820,507702,998522,70+
2020,13,ITF,Sud,ITF1,Abruzzo,ABR,42.3512,13.3984,0-14,79144,83107,162251,0-15
2020,13,ITF,Sud,ITF1,Abruzzo,ABR,42.3512,13.3984,15-29,106314,112085,218399,16-29
2020,13,ITF,Sud,ITF1,Abruzzo,ABR,42.3512,13.3984,30-49,169746,175934,345680,30-49
2020,13,ITF,Sud,ITF1,Abruzzo,ABR,42.3512,13.3984,50-69,175310,179648,354958,50-69
2020,13,ITF,Sud,ITF1,Abruzzo,ABR,42.3512,13.3984,70+,107704,110482,218186,70+
2020,14,ITF,Sud,ITF2,Molise,MOL,41.5603,14.6655,0-14,23058,23856,46914,0-15
2020,14,ITF,Sud,ITF2,Molise,MOL,41.5603,14.6655,15-29,27241,28401,55642,16-29
2020,14,ITF,Sud,ITF2,Molise,MOL,41.5603,14.6655,30-49,48086,49402,97488,30-49
2020,14,ITF,Sud,ITF2,Molise,MOL,41.5603,14.6655,50-69,48345,50414,98759,50-69
2020,14,ITF,Sud,ITF2,Molise,MOL,41.5603,14.6655,70+,30968,32163,63131,70+
2020,15,ITF,Sud,ITF3,Campania,CAM,40.8399,14.2525,0-14,374177,392329,766506,0-15
2020,15,ITF,Sud,ITF3,Campania,CAM,40.8399,14.2525,15-29,449388,462207,911595,16-29
2020,15,ITF,Sud,ITF3,Campania,CAM,40.8399,14.2525,30-49,735252,779963,1515215,30-49
2020,15,ITF,Sud,ITF3,Campania,CAM,40.8399,14.2525,50-69,803817,828730,1632547,50-69
2020,15,ITF,Sud,ITF3,Campania,CAM,40.8399,14.2525,70+,489327,514478,1003805,70+
2020,16,ITF,Sud,ITF4,Puglia,PUG,41.1258,16.867,0-14,252859,264922,517781,0-15
2020,16,ITF,Sud,ITF4,Puglia,PUG,41.1258,16.867,15-29,286336,302391,588727,16-29
2020,16,ITF,Sud,ITF4,Puglia,PUG,41.1258,16.867,30-49,481769,510425,992194,30-49
2020,16,ITF,Sud,ITF4,Puglia,PUG,41.1258,16.867,50-69,533466,550690,1084156,50-69
2020,16,ITF,Sud,ITF4,Puglia,PUG,41.1258,16.867,70+,321870,336513,658383,70+
2020,17,ITF,Sud,ITF5,Basilicata,BAS,40.6395,15.8052,0-14,43339,44492,87831,0-15
2020,17,ITF,Sud,ITF5,Basilicata,BAS,40.6395,15.8052,15-29,49360,50618,99978,16-29
2020,17,ITF,Sud,ITF5,Basilicata,BAS,40.6395,15.8052,30-49,82166,83919,166085,30-49
2020,17,ITF,Sud,ITF5,Basilicata,BAS,40.6395,15.8052,50-69,93190,96966,190156,50-69
2020,17,ITF,Sud,ITF5,Basilicata,BAS,40.6395,15.8052,70+,51822,54597,106419,70+
2020,18,ITF,Sud,ITF6,Calabria,CAL,38.9059,16.5944,0-14,187014,190848,377862,0-15
2020,18,ITF,Sud,ITF6,Calabria,CAL,38.9059,16.5944,15-29,236301,243139,479440,16-29
2020,18,ITF,Sud,ITF6,Calabria,CAL,38.9059,16.5944,30-49,405963,417171,823134,30-49
2020,18,ITF,Sud,ITF6,Calabria,CAL,38.9059,16.5944,50-69,409546,433677,843223,50-69
2020,18,ITF,Sud,ITF6,Calabria,CAL,38.9059,16.5944,70+,263785,276066,539851,70+
2020,19,ITG,Isole,ITG1,Sicilia,SIC,38.1157,13.3615,0-14,316696,324059,640755,0-15
2020,19,ITG,Isole,ITG1,Sicilia,SIC,38.1157,13.3615,15-29,376826,393611,770437,16-29
2020,19,ITG,Isole,ITG1,Sicilia,SIC,38.1157,13.3615,30-49,634279,652042,1286321,30-49
2020,19,ITG,Isole,ITG1,Sicilia,SIC,38.1157,13.3615,50-69,641880,675305,1317185,50-69
2020,19,ITG,Isole,ITG1,Sicilia,SIC,38.1157,13.3615,70+,420542,434098,854640,70+
2020,20,ITG,Isole,ITG2,Sardegna,SAR,39.2153,9.1106,0-14,99819,104114,203933,0-15
2020,20,ITG,Isole,ITG2,Sardegna,SAR,39.2153,9.1106,15-29,121325,128260,249585,16-29
2020,20,ITG,Isole,ITG2,Sardegna,SAR,39.2153,9.1106,30-49,203151,210379,413530,30-49
2020,20,ITG,Isole,ITG2,Sardegna,SAR,39.2153,9.1106,50-69,227698,232848,460546,50-69
2020,20,ITG,Isole,ITG2,Sardegna,SAR,39.2153,9.1106,70+,135933,140866,276799,70+
2021,1,ITC,Nord-ovest,ITC1,Piemonte,PIE,45.0733,7.6807,0-14,271790,280116,551906,0-15
2021,1,ITC,Nord-ovest,ITC1,Piemonte,PIE,45.0733,7.6807,15-29,335673,347291,682964,16-29
2021,1,ITC,Nord-ovest,ITC1,Piemonte,PIE,45.0733,7.6807,30-49,541300,564371,1105671,30-49
2021,1,ITC,Nord-ovest,ITC1,Piemonte,PIE,45.0733,7.6807,50-69,552222,575548,1127770,50-69
2021,1,ITC,Nord-ovest,ITC1,Piemonte,PIE,45.0733,7.6807,70+,335139,354511,689650,70+
2021,2,ITC,Nord-ovest,ITC4,Valle d'Aosta,VDA,45.737,7.3207,0-14,14721,15086,29807,0-15
2021,2,ITC,Nord-ovest,ITC4,Valle d'Aosta,VDA,45.737,7.3207,15-29,17666,18631,36297,16-29
2021,2,ITC,Nord-ovest,ITC4,Valle d'Aosta,VDA,45.737,7.3207,30-49,29607,30681,60288,30-49
2021,2,ITC,Nord-ovest,ITC4,Valle d'Aosta,VDA,45.737,7.3207,50-69,31894,33247,65141,50-69
2021,2,ITC,Nord-ovest,ITC4,Valle d'Aosta,VDA,45.737,7.3207,70+,19340,20465,39805,70+
2021,3,ITC,Nord-ovest,ITC3,Lombardia,LOM,45.4642,9.19,0-14,607734,621191,1228925,0-15
2021,3,ITC,Nord-ovest,ITC3,Lombardia,LOM,45.4642,9.19,15-29,755690,774404,1530094,16-29
2021,3,ITC,Nord-ovest,ITC3,Lombardia,LOM,45.4642,9.19,30-49,1262151,1289557,2551708,30-49
2021,3,ITC,Nord-ovest,ITC3,Lombardia,LOM,45.4642,9.19,50-69,1378842,1427888,2806730,50-69
2021,3,ITC,Nord-ovest,ITC3,Lombardia,LOM,45.4642,9.19,70+,787342,804253,1591595,70+
2021,4,ITC,Nord-ovest,ITC4,Trentino-Alto Adige,TAA,46.4993,11.3548,0-14,78938,81156,160094,0-15
2021,4,ITC,Nord-ovest,ITC4,Trentino-Alto Adige,TAA,46.4993,11.3548,15-29,97588,100537,198125,16-29
2021,4,ITC,Nord-ovest,ITC4,Trentino-Alto Adige,TAA,46.4993,11.3548,30-49,152219,155591,307810,30-49
2021,4,ITC,Nord-ovest,ITC4,Trentino-Alto Adige,TAA,46.4993,11.3548,50-69,165604,172654,338258,50-69
2021,4,ITC,Nord-ovest,ITC4,Trentino-Alto Adige,TAA,46.4993,11.3548,70+,100497,103085,203582,70+
2021,5,ITD,Nord-est,ITD1,Veneto,VEN,45.4349,12.3385,0-14,303045,309322,612367,0-15
2021,5,ITD,Nord-est,ITD1,Veneto,VEN,45.4349,12.3385,15-29,385542,394937,780479,16-29
2021,5,ITD,Nord-est,ITD1,Veneto,VEN,45.4349,12.3385,30-49,641711,666406,1308117,30-49
2021,5,ITD,Nord-est,ITD1,Veneto,VEN,45.4349,12.3385,50-69,704215,720476,1424691,50-69
2021,5,ITD,Nord-est,ITD1,Veneto,VEN,45.4349,12.3385,70+,399115,418415,817530,70+
2021,6,ITD,Nord-est,ITD5,Friuli-Venezia Giulia,FVG,45.6495,13.7689,0-14,81921,84069,165990,0-15
2021,6,ITD,Nord-est,ITD5,Friuli-Venezia Giulia,FVG,45.6495,13.7689,15-29,98238,102594,200832,16-29
2021,6,ITD,Nord-est,ITD5,Friuli-Venezia Giulia,FVG,45.6495,13.7689,30-49,172653,177108,349761,30-49
2021,6,ITD,Nord-est,ITD5,Friuli-Venezia Giulia,FVG,45.6495,13.7689,50-69,186556,190911,377467,50-69
2021,6,ITD,Nord-est,ITD5,Friuli-Venezia Giulia,FVG,45.6495,13.7689,70+,108884,113852,222736,70+
2021,7,ITD,Nord-est,ITD3,Liguria,LIG,44.4056,8.9463,0-14,97520,100886,198406,0-15
2021,7,ITD,Nord-est,ITD3,Liguria,LIG,44.4056,8.9463,15-29,113945,119114,233059,16-29
2021,7,ITD,Nord-est,ITD3,Liguria,LIG,44.4056,8.9463,30-49,190011,196127,386138,30-49
2021,7,ITD,Nord-est,ITD3,Liguria,LIG,44.4056,8.9463,50-69,205836,216877,422713,50-69
2021,7,ITD,Nord-est,ITD3,Liguria,LIG,44.4056,8.9463,70+,122723,125314,248037,70+
2021,8,ITE,Centro,ITE1,Emilia-Romagna,EMR,44.4949,11.3426,0-14,259392,271637,531029,0-15
2021,8,ITE,Centro,ITE1,Emilia-Romagna,EMR,44.4949,11.3426,15-29,325147,338339,663486,16-29
2021,8,ITE,Centro,ITE1,Emilia-Romagna,EMR,44.4949,11.3426,30-49,518281,547876,1066157,30-49
2021,8,ITE,Centro,ITE1,Emilia-Romagna,EMR,44.4949,11.3426,50-69,594152,612972,1207124,50-69
2021,8,ITE,Centro,ITE1,Emilia-Romagna,EMR,44.4949,11.3426,70+,337807,345401,683208,70+
2021,9,ITE,Centro,ITE2,Toscana,TOS,43.7696,11.2558,0-14,218267,231290,449557,0-15
2021,9,ITE,Centro,ITE2,Toscana,TOS,43.7696,11.2558,15-29,280661,289841,570502,16-29
2021,9,ITE,Centro,ITE2,Toscana,TOS,43.7696,11.2558,30-49,456229,479566,935795,30-49
2021,9,ITE,Centro,ITE2,Toscana,TOS,43.7696,11.2558,50-69,488442,504382,992824,50-69
2021,9,ITE,Centro,ITE2,Toscana,TOS,43.7696,11.2558,70+,286328,303672,590000,70+
2021,10,ITE,Centro,ITE3,Umbria,UMB,43.1068,12.3888,0-14,70521,73392,143913,0-15
2021,10,ITE,Centro,ITE3,Umbria,UMB,43.1068,12.3888,15-29,82398,85168,167566,16-29
2021,10,ITE,Centro,ITE3,Umbria,UMB,43.1068,12.3888,30-49,133312,136150,269462,30-49
2021,10,ITE,Centro,ITE3,Umbria,UMB,43.1068,12.3888,50-69,151745,156273,308018,50-69
2021,10,ITE,Centro,ITE3,Umbria,UMB,43.1068,12.3888,70+,90059,94616,184675,70+
2021,11,ITE,Centro,ITE4,Marche,MAR,43.6168,13.5189,0-14,99227,102209,201436,0-15
2021,11,ITE,Centro,ITE4,Marche,MAR,43.6168,13.5189,15-29,118743,124581,243324,16-29
2021,11,ITE,Centro,ITE4,Marche,MAR,43.6168,13.5189,30-49,193670,200190,393860,30-49
2021,11,ITE,Centro,ITE4,Marche,MAR,43.6168,13.5189,50-69,199520,208064,407584,50-69
2021,11,ITE,Centro,ITE4,Marche,MAR,43.6168,13.5189,70+,124111,128148,252259,70+
2021,12,ITE,Centro,ITE4,Lazio,LAZ,41.9028,12.4964,0-14,361516,375880,737396,0-15
2021,12,ITE,Centro,ITE4,Lazio,LAZ,41.9028,12.4964,15-29,467298,492233,959531,16-29
2021,12,ITE,Centro,ITE4,Lazio,LAZ,41.9028,12.4964,30-49,712580,752347,1464927,30-49
2021,12,ITE,Centro,ITE4,Lazio,LAZ,41.9028,12.4964,50-69,766438,809011,1575449,50-69
2021,12,ITE,Centro,ITE4,Lazio,LAZ,41.9028,12.4964,70+,490197,520245,1010442,70+
2021,13,ITF,Sud,ITF1,Abruzzo,ABR,42.3512,13.3984,0-14,82282,85474,167756,0-15
2021,13,ITF,Sud,ITF1,Abruzzo,ABR,42.3512,13.3984,15-29,102752,106111,208863,16-29
2021,13,ITF,Sud,ITF1,Abruzzo,ABR,42.3512,13.3984,30-49,171800,182080,353880,30-49
2021,13,ITF,Sud,ITF1,Abruzzo,ABR,42.3512,13.3984,50-69,173468,177592,351060,50-69
2021,13,ITF,Sud,ITF1,Abruzzo,ABR,42.3512,13.3984,70+,111999,117205,229204,70+
2021,14,ITF,Sud,ITF2,Molise,MOL,41.5603,14.6655,0-14,23244,23864,47108,0-15
2021,14,ITF,Sud,ITF2,Molise,MOL,41.5603,14.6655,15-29,27441,28707,56148,16-29
2021,14,ITF,Sud,ITF2,Molise,MOL,41.5603,14.6655,30-49,45717,46910,92627,30-49
2021,14,ITF,Sud,ITF2,Molise,MOL,41.5603,14.6655,50-69,49258,50286,99544,50-69
2021,14,ITF,Sud,ITF2,Molise,MOL,41.5603,14.6655,70+,29692,31295,60987,70+
2021,15,ITF,Sud,ITF3,Campania,CAM,40.8399,14.2525,0-14,349420,363181,712601,0-15
2021,15,ITF,Sud,ITF3,Campania,CAM,40.8399,14.2525,15-29,447541,470179,917720,16-29
2021,15,ITF,Sud,ITF3,Campania,CAM,40.8399,14.2525,30-49,718841,750979,1469820,30-49
2021,15,ITF,Sud,ITF3,Campania,CAM,40.8399,14.2525,50-69,745474,779046,1524520,50-69
2021,15,ITF,Sud,ITF3,Campania,CAM,40.8399,14.2525,70+,479061,499402,978463,70+
2021,16,ITF,Sud,ITF4,Puglia,PUG,41.1258,16.867,0-14,237303,249248,486551,0-15
2021,16,ITF,Sud,ITF4,Puglia,PUG,41.1258,16.867,15-29,290549,298825,589374,16-29
2021,16,ITF,Sud,ITF4,Puglia,PUG,41.1258,16.867,30-49,479051,489343,968394,30-49
2021,16,ITF,Sud,ITF4,Puglia,PUG,41.1258,16.867,50-69,514290,530179,1044469,50-69
2021,16,ITF,Sud,ITF4,Puglia,PUG,41.1258,16.867,70+,327633,338311,665944,70+
2021,17,ITF,Sud,ITF5,Basilicata,BAS,40.6395,15.8052,0-14,39834,41394,81228,0-15
2021,17,ITF,Sud,ITF5,Basilicata,BAS,40.6395,15.8052,15-29,49627,52544,102171,16-29
2021,17,ITF,Sud,ITF5,Basilicata,BAS,40.6395,15.8052,30-49,83994,86762,170756,30-49
2021,17,ITF,Sud,ITF5,Basilicata,BAS,40.6395,15.8052,50-69,93486,95702,189188,50-69
2021,17,ITF,Sud,ITF5,Basilicata,BAS,40.6395,15.8052,70+,55966,59308,115274,70+
2021,18,ITF,Sud,ITF6,Calabria,CAL,38.9059,16.5944,0-14,192416,199622,392038,0-15
2021,18,ITF,Sud,ITF6,Calabria,CAL,38.9059,16.5944,15-29,235725,246295,482020,16-29
2021,18,ITF,Sud,ITF6,Calabria,CAL,38.9059,16.5944,30-49,394295,407980,802275,30-49
2021,18,ITF,Sud,ITF6,Calabria,CAL,38.9059,16.5944,50-69,397701,408566,806267,50-69
2021,18,ITF,Sud,ITF6,Calabria,CAL,38.9059,16.5944,70+,246178,258681,504859,70+
2021,19,ITG,Isole,ITG1,Sicilia,SIC,38.1157,13.3615,0-14,308150,316175,624325,0-15
2021,19,ITG,Isole,ITG1,Sicilia,SIC,38.1157,13.3615,15-29,383035,400665,783700,16-29
2021,19,ITG,Isole,ITG1,Sicilia,SIC,38.1157,13.3615,30-49,604018,621810,1225828,30-49
2021,19,ITG,Isole,ITG1,Sicilia,SIC,38.1157,13.3615,50-69,651829,679791,1331620,50-69
2021,19,ITG,Isole,ITG1,Sicilia,SIC,38.1157,13.3615,70+,412660,434785,847445,70+
2021,20,ITG,Isole,ITG2,Sardegna,SAR,39.2153,9.1106,0-14,104267,110368,214635,0-15
2021,20,ITG,Isole,ITG2,Sardegna,SAR,39.2153,9.1106,15-29,125466,131263,256729,16-29
2021,20,ITG,Isole,ITG2,Sardegna,SAR,39.2153,9.1106,30-49,195675,205276,400951,30-49
2021,20,ITG,Isole,ITG2,Sardegna,SAR,39.2153,9.1106,50-69,224343,235033,459376,50-69
2021,20,ITG,Isole,ITG2,Sardegna,SAR,39.2153,9.1106,70+,131238,136888,268126,70+
2022,1,ITC,Nord-ovest,ITC1,Piemonte,PIE,45.0733,7.6807,0-14,255480,260795,516275,0-15
2022,1,ITC,Nord-ovest,ITC1,Piemonte,PIE,45.0733,7.6807,15-29,328070,347738,675808,16-29
2022,1,ITC,Nord-ovest,ITC1,Piemonte,PIE,45.0733,7.6807,30-49,535585,553652,1089237,30-49
2022,1,ITC,Nord-ovest,ITC1,Piemonte,PIE,45.0733,7.6807,50-69,574565,605589,1180154,50-69
2022,1,ITC,Nord-ovest,ITC1,Piemonte,PIE,45.0733,7.6807,70+,356277,365329,721606,70+
2022,2,ITC,Nord-ovest,ITC4,Valle d'Aosta,VDA,45.737,7.3207,0-14,15553,16135,31688,0-15
2022,2,ITC,Nord-ovest,ITC4,Valle d'Aosta,VDA,45.737,7.3207,15-29,17607,18588,36195,16-29
2022,2,ITC,Nord-ovest,ITC4,Valle d'Aosta,VDA,45.737,7.3207,30-49,29300,30974,60274,30-49
2022,2,ITC,Nord-ovest,ITC4,Valle d'Aosta,VDA,45.737,7.3207,50-69,32647,34135,66782,50-69
2022,2,ITC,Nord-ovest,ITC4,Valle d'Aosta,VDA,45.737,7.3207,70+,18923,20085,39008,70+
2022,3,ITC,Nord-ovest,ITC3,Lombardia,LOM,45.4642,9.19,0-14,626372,644375,1270747,0-15
2022,3,ITC,Nord-ovest,ITC3,Lombardia,LOM,45.4642,9.19,15-29,793914,830890,1624804,16-29
2022,3,ITC,Nord-ovest,ITC3,Lombardia,LOM,45.4642,9.19,30-49,1310162,1362908,2673070,30-49
2022,3,ITC,Nord-ovest,ITC3,Lombardia,LOM,45.4642,9.19,50-69,1322332,1356604,2678936,50-69
2022,3,ITC,Nord-ovest,ITC3,Lombardia,LOM,45.4642,9.19,70+,781091,819468,1600559,70+
2022,4,ITC,Nord-ovest,ITC4,Trentino-Alto Adige,TAA,46.4993,11.3548,0-14,77375,79625,157000,0-15
2022,4,ITC,Nord-ovest,ITC4,Trentino-Alto Adige,TAA,46.4993,11.3548,15-29,101169,105064,206233,16-29
2022,4,ITC,Nord-ovest,ITC4,Trentino-Alto Adige,TAA,46.4993,11.3548,30-49,162982,167510,330492,30-49
2022,4,ITC,Nord-ovest,ITC4,Trentino-Alto Adige,TAA,46.4993,11.3548,50-69,166084,169633,335717,50-69
2022,4,ITC,Nord-ovest,ITC4,Trentino-Alto Adige,TAA,46.4993,11.3548,70+,100069,103082,203151,70+
2022,5,ITD,Nord-est,ITD1,Veneto,VEN,45.4349,12.3385,0-14,316477,332188,648665,0-15
2022,5,ITD,Nord-est,ITD1,Veneto,VEN,45.4349,12.3385,15-29,374163,394313,768476,16-29
2022,5,ITD,Nord-est,ITD1,Veneto,VEN,45.4349,12.3385,30-49,609139,629735,1238874,30-49
2022,5,ITD,Nord-est,ITD1,Veneto,VEN,45.4349,12.3385,50-69,680833,696839,1377672,50-69
2022,5,ITD,Nord-est,ITD1,Veneto,VEN,45.4349,12.3385,70+,391546,414284,805830,70+
2022,6,ITD,Nord-est,ITD5,Friuli-Venezia Giulia,FVG,45.6495,13.7689,0-14,86302,88161,174463,0-15
2022,6,ITD,Nord-est,ITD5,Friuli-Venezia Giulia,FVG,45.6495,13.7689,15-29,105526,111264,216790,16-29
2022,6,ITD,Nord-est,ITD5,Friuli-Venezia Giulia,FVG,45.6495,13.7689,30-49,167869,174763,342632,30-49
2022,6,ITD,Nord-est,ITD5,Friuli-Venezia Giulia,FVG,45.6495,13.7689,50-69,182301,192804,375105,50-69
2022,6,ITD,Nord-est,ITD5,Friuli-Venezia Giulia,FVG,45.6495,13.7689,70+,113345,117377,230722,70+
2022,7,ITD,Nord-est,ITD3,Liguria,LIG,44.4056,8.9463,0-14,95218,97599,192817,0-15
2022,7,ITD,Nord-est,ITD3,Liguria,LIG,44.4056,8.9463,15-29,110788,113716,224504,16-29
2022,7,ITD,Nord-est,ITD3,Liguria,LIG,44.4056,8.9463,30-49,190503,196283,386786,30-49
2022,7,ITD,Nord-est,ITD3,Liguria,LIG,44.4056,8.9463,50-69,195517,199739,395256,50-69
2022,7,ITD,Nord-est,ITD3,Liguria,LIG,44.4056,8.9463,70+,118690,125108,243798,70+
2022,8,ITE,Centro,ITE1,Emilia-Romagna,EMR,44.4949,11.3426,0-14,275164,281351,556515,0-15
2022,8,ITE,Centro,ITE1,Emilia-Romagna,EMR,44.4949,11.3426,15-29,323400,343367,666767,16-29
2022,8,ITE,Centro,ITE1,Emilia-Romagna,EMR,44.4949,11.3426,30-49,524075,539702,1063777,30-49
2022,8,ITE,Centro,ITE1,Emilia-Romagna,EMR,44.4949,11.3426,50-69,591583,618649,1210232,50-69
2022,8,ITE,Centro,ITE1,Emilia-Romagna,EMR,44.4949,11.3426,70+,335302,349562,684864,70+
2022,9,ITE,Centro,ITE2,Toscana,TOS,43.7696,11.2558,0-14,227653,238141,465794,0-15
2022,9,ITE,Centro,ITE2,Toscana,TOS,43.7696,11.2558,15-29,284408,297049,581457,16-29
2022,9,ITE,Centro,ITE2,Toscana,TOS,43.7696,11.2558,30-49,424869,448208,873077,30-49
2022,9,ITE,Centro,ITE2,Toscana,TOS,43.7696,11.2558,50-69,488231,518046,1006277,50-69
2022,9,ITE,Centro,ITE2,Toscana,TOS,43.7696,11.2558,70+,288046,297930,585976,70+
2022,10,ITE,Centro,ITE3,Umbria,UMB,43.1068,12.3888,0-14,68524,70408,138932,0-15
2022,10,ITE,Centro,ITE3,Umbria,UMB,43.1068,12.3888,15-29,85325,88004,173329,16-29
2022,10,ITE,Centro,ITE3,Umbria,UMB,43.1068,12.3888,30-49,128601,135939,264540,30-49
2022,10,ITE,Centro,ITE3,Umbria,UMB,43.1068,12.3888,50-69,140542,146294,286836,50-69
2022,10,ITE,Centro,ITE3,Umbria,UMB,43.1068,12.3888,70+,90251,92800,183051,70+
2022,11,ITE,Centro,ITE4,Marche,MAR,43.6168,13.5189,0-14,98647,102547,201194,0-15
2022,11,ITE,Centro,ITE4,Marche,MAR,43.6168,13.5189,15-29,118755,122755,241510,16-29
2022,11,ITE,Centro,ITE4,Marche,MAR,43.6168,13.5189,30-49,184905,194041,378946,30-49
2022,11,ITE,Centro,ITE4,Marche,MAR,43.6168,13.5189,50-69,208578,218583,427161,50-69
2022,11,ITE,Centro,ITE4,Marche,MAR,43.6168,13.5189,70+,120438,126373,246811,70+
2022,12,ITE,Centro,ITE4,Lazio,LAZ,41.9028,12.4964,0-14,366208,382871,749079,0-15
2022,12,ITE,Centro,ITE4,Lazio,LAZ,41.9028,12.4964,15-29,425345,450303,875648,16-29
2022,12,ITE,Centro,ITE4,Lazio,LAZ,41.9028,12.4964,30-49,711675,739003,1450678,30-49
2022,12,ITE,Centro,ITE4,Lazio,LAZ,41.9028,12.4964,50-69,764252,786318,1550570,50-69
2022,12,ITE,Centro,ITE4,Lazio,LAZ,41.9028,12.4964,70+,471641,493920,965561,70+
2022,13,ITF,Sud,ITF1,Abruzzo,ABR,42.3512,13.3984,0-14,82953,85905,168858,0-15
2022,13,ITF,Sud,ITF1,Abruzzo,ABR,42.3512,13.3984,15-29,104298,110527,214825,16-29
2022,13,ITF,Sud,ITF1,Abruzzo,ABR,42.3512,13.3984,30-49,159836,166117,325953,30-49
2022,13,ITF,Sud,ITF1,Abruzzo,ABR,42.3512,13.3984,50-69,169917,177285,347202,50-69
2022,13,ITF,Sud,ITF1,Abruzzo,ABR,42.3512,13.3984,70+,112007,115514,227521,70+
2022,14,ITF,Sud,ITF2,Molise,MOL,41.5603,14.6655,0-14,22857,23939,46796,0-15
2022,14,ITF,Sud,ITF2,Molise,MOL,41.5603,14.6655,15-29,27240,27998,55238,16-29
2022,14,ITF,Sud,ITF2,Molise,MOL,41.5603,14.6655,30-49,45397,47459,92856,30-49
2022,14,ITF,Sud,ITF2,Molise,MOL,41.5603,14.6655,50-69,50974,52497,103471,50-69
2022,14,ITF,Sud,ITF2,Molise,MOL,41.5603,14.6655,70+,28614,29239,57853,70+
2022,15,ITF,Sud,ITF3,Campania,CAM,40.8399,14.2525,0-14,374825,391933,766758,0-15
2022,15,ITF,Sud,ITF3,Campania,CAM,40.8399,14.2525,15-29,439306,454394,893700,16-29
2022,15,ITF,Sud,ITF3,Campania,CAM,40.8399,14.2525,30-49,719359,751862,1471221,30-49
2022,15,ITF,Sud,ITF3,Campania,CAM,40.8399,14.2525,50-69,781443,827516,1608959,50-69
2022,15,ITF,Sud,ITF3,Campania,CAM,40.8399,14.2525,70+,490961,520161,1011122,70+
2022,16,ITF,Sud,ITF4,Puglia,PUG,41.1258,16.867,0-14,245967,259803,505770,0-15
2022,16,ITF,Sud,ITF4,Puglia,PUG,41.1258,16.867,15-29,295462,311648,607110,16-29
2022,16,ITF,Sud,ITF4,Puglia,PUG,41.1258,16.867,30-49,472091,491958,964049,30-49
2022,16,ITF,Sud,ITF4,Puglia,PUG,41.1258,16.867,50-69,545589,564729,1110318,50-69
2022,16,ITF,Sud,ITF4,Puglia,PUG,41.1258,16.867,70+,311982,329584,641566,70+
2022,17,ITF,Sud,ITF5,Basilicata,BAS,40.6395,15.8052,0-14,41904,43495,85399,0-15
2022,17,ITF,Sud,ITF5,Basilicata,BAS,40.6395,15.8052,15-29,52639,55399,108038,16-29
2022,17,ITF,Sud,ITF5,Basilicata,BAS,40.6395,15.8052,30-49,82476,86858,169334,30-49
2022,17,ITF,Sud,ITF5,Basilicata,BAS,40.6395,15.8052,50-69,93187,96036,189223,50-69
2022,17,ITF,Sud,ITF5,Basilicata,BAS,40.6395,15.8052,70+,54578,57193,111771,70+
2022,18,ITF,Sud,ITF6,Calabria,CAL,38.9059,16.5944,0-14,186309,190096,376405,0-15
2022,18,ITF,Sud,ITF6,Calabria,CAL,38.9059,16.5944,15-29,246462,255590,502052,16-29
2022,18,ITF,Sud,ITF6,Calabria,CAL,38.9059,16.5944,30-49,382564,396529,779093,30-49
2022,18,ITF,Sud,ITF6,Calabria,CAL,38.9059,16.5944,50-69,421749,431124,852873,50-69
2022,18,ITF,Sud,ITF6,Calabria,CAL,38.9059,16.5944,70+,244962,256565,501527,70+
2022,19,ITG,Isole,ITG1,Sicilia,SIC,38.1157,13.3615,0-14,324855,335543,660398,0-15
2022,19,ITG,Isole,ITG1,Sicilia,SIC,38.1157,13.3615,15-29,399374,415424,814798,16-29
2022,19,ITG,Isole,ITG1,Sicilia,SIC,38.1157,13.3615,30-49,592859,622679,1215538,30-49
2022,19,ITG,Isole,ITG1,Sicilia,SIC,38.1157,13.3615,50-69,690806,730705,1421511,50-69
2022,19,ITG,Isole,ITG1,Sicilia,SIC,38.1157,13.3615,70+,392900,415202,808102,70+
2022,20,ITG,Isole,ITG2,Sardegna,SAR,39.2153,9.1106,0-14,102757,108474,211231,0-15
2022,20,ITG,Isole,ITG2,Sardegna,SAR,39.2153,9.1106,15-29,129882,135005,264887,16-29
2022,20,ITG,Isole,ITG2,Sardegna,SAR,39.2153,9.1106,30-49,204833,209035,413868,30-49
2022,20,ITG,Isole,ITG2,Sardegna,SAR,39.2153,9.1106,50-69,222062,230695,452757,50-69
2022,20,ITG,Isole,ITG2,Sardegna,SAR,39.2153,9.1106,70+,134947,142448,277395,70+
2023,1,ITC,Nord-ovest,ITC1,Piemonte,PIE,45.0733,7.6807,0-14,259792,274606,534398,0-15
2023,1,ITC,Nord-ovest,ITC1,Piemonte,PIE,45.0733,7.6807,15-29,311935,325568,637503,16-29
2023,1,ITC,Nord-ovest,ITC1,Piemonte,PIE,45.0733,7.6807,30-49,516432,543237,1059669,30-49
2023,1,ITC,Nord-ovest,ITC1,Piemonte,PIE,45.0733,7.6807,50-69,571062,601811,1172873,50-69
2023,1,ITC,Nord-ovest,ITC1,Piemonte,PIE,45.0733,7.6807,70+,353397,370242,723639,70+
2023,2,ITC,Nord-ovest,ITC4,Valle d'Aosta,VDA,45.737,7.3207,0-14,14562,15355,29917,0-15
2023,2,ITC,Nord-ovest,ITC4,Valle d'Aosta,VDA,45.737,7.3207,15-29,18660,19638,38298,16-29
2023,2,ITC,Nord-ovest,ITC4,Valle d'Aosta,VDA,45.737,7.3207,30-49,31031,32360,63391,30-49
2023,2,ITC,Nord-ovest,ITC4,Valle d'Aosta,VDA,45.737,7.3207,50-69,33404,35026,68430,50-69
2023,2,ITC,Nord-ovest,ITC4,Valle d'Aosta,VDA,45.737,7.3207,70+,19758,20915,40673,70+
2023,3,ITC,Nord-ovest,ITC3,Lombardia,LOM,45.4642,9.19,0-14,618721,656631,1275352,0-15
2023,3,ITC,Nord-ovest,ITC3,Lombardia,LOM,45.4642,9.19,15-29,752108,790305,1542413,16-29
2023,3,ITC,Nord-ovest,ITC3,Lombardia,LOM,45.4642,9.19,30-49,1216350,1257115,2473465,30-49
2023,3,ITC,Nord-ovest,ITC3,Lombardia,LOM,45.4642,9.19,50-69,1394482,1458637,2853119,50-69
2023,3,ITC,Nord-ovest,ITC3,Lombardia,LOM,45.4642,9.19,70+,849593,866868,1716461,70+
2023,4,ITC,Nord-ovest,ITC4,Trentino-Alto Adige,TAA,46.4993,11.3548,0-14,79573,81591,161164,0-15
2023,4,ITC,Nord-ovest,ITC4,Trentino-Alto Adige,TAA,46.4993,11.3548,15-29,95281,98101,193382,16-29
2023,4,ITC,Nord-ovest,ITC4,Trentino-Alto Adige,TAA,46.4993,11.3548,30-49,162069,165776,327845,30-49
2023,4,ITC,Nord-ovest,ITC4,Trentino-Alto Adige,TAA,46.4993,11.3548,50-69,163146,166798,329944,50-69
2023,4,ITC,Nord-ovest,ITC4,Trentino-Alto Adige,TAA,46.4993,11.3548,70+,99277,104958,204235,70+
2023,5,ITD,Nord-est,ITD1,Veneto,VEN,45.4349,12.3385,0-14,304267,312239,616506,0-15
2023,5,ITD,Nord-est,ITD1,Veneto,VEN,45.4349,12.3385,15-29,367494,381587,749081,16-29
2023,5,ITD,Nord-est,ITD1,Veneto,VEN,45.4349,12.3385,30-49,599739,631702,1231441,30-49
2023,5,ITD,Nord-est,ITD1,Veneto,VEN,45.4349,12.3385,50-69,648660,677989,1326649,50-69
2023,5,ITD,Nord-est,ITD1,Veneto,VEN,45.4349,12.3385,70+,404325,425547,829872,70+
2023,6,ITD,Nord-est,ITD5,Friuli-Venezia Giulia,FVG,45.6495,13.7689,0-14,82909,87530,170439,0-15
2023,6,ITD,Nord-est,ITD5,Friuli-Venezia Giulia,FVG,45.6495,13.7689,15-29,101453,107443,208896,16-29
2023,6,ITD,Nord-est,ITD5,Friuli-Venezia Giulia,FVG,45.6495,13.7689,30-49,164107,173498,337605,30-49
2023,6,ITD,Nord-est,ITD5,Friuli-Venezia Giulia,FVG,45.6495,13.7689,50-69,182742,192329,375071,50-69
2023,6,ITD,Nord-est,ITD5,Friuli-Venezia Giulia,FVG,45.6495,13.7689,70+,113384,116815,230199,70+
2023,7,ITD,Nord-est,ITD3,Liguria,LIG,44.4056,8.9463,0-14,89675,92592,182267,0-15
2023,7,ITD,Nord-est,ITD3,Liguria,LIG,44.4056,8.9463,15-29,114622,119316,233938,16-29
2023,7,ITD,Nord-est,ITD3,Liguria,LIG,44.4056,8.9463,30-49,180022,191145,371167,30-49
2023,7,ITD,Nord-est,ITD3,Liguria,LIG,44.4056,8.9463,50-69,209387,218806,428193,50-69
2023,7,ITD,Nord-est,ITD3,Liguria,LIG,44.4056,8.9463,70+,120614,126139,246753,70+
2023,8,ITE,Centro,ITE1,Emilia-Romagna,EMR,44.4949,11.3426,0-14,255710,269819,525529,0-15
2023,8,ITE,Centro,ITE1,Emilia-Romagna,EMR,44.4949,11.3426,15-29,330388,337161,667549,16-29
2023,8,ITE,Centro,ITE1,Emilia-Romagna,EMR,44.4949,11.3426,30-49,551258,571701,1122959,30-49
2023,8,ITE,Centro,ITE1,Emilia-Romagna,EMR,44.4949,11.3426,50-69,547995,574365,1122360,50-69
2023,8,ITE,Centro,ITE1,Emilia-Romagna,EMR,44.4949,11.3426,70+,350166,366242,716408,70+
2023,9,ITE,Centro,ITE2,Toscana,TOS,43.7696,11.2558,0-14,229371,241909,471280,0-15
2023,9,ITE,Centro,ITE2,Toscana,TOS,43.7696,11.2558,15-29,262098,276683,538781,16-29
2023,9,ITE,Centro,ITE2,Toscana,TOS,43.7696,11.2558,30-49,454660,476582,931242,30-49
2023,9,ITE,Centro,ITE2,Toscana,TOS,43.7696,11.2558,50-69,456002,475787,931789,50-69
2023,9,ITE,Centro,ITE2,Toscana,TOS,43.7696,11.2558,70+,293727,305660,599387,70+
2023,10,ITE,Centro,ITE3,Umbria,UMB,43.1068,12.3888,0-14,65473,69354,134827,0-15
2023,10,ITE,Centro,ITE3,Umbria,UMB,43.1068,12.3888,15-29,85125,87673,172798,16-29
2023,10,ITE,Centro,ITE3,Umbria,UMB,43.1068,12.3888,30-49,129946,133168,263114,30-49
2023,10,ITE,Centro,ITE3,Umbria,UMB,43.1068,12.3888,50-69,145597,149375,294972,50-69
2023,10,ITE,Centro,ITE3,Umbria,UMB,43.1068,12.3888,70+,85292,87815,173107,70+
2023,11,ITE,Centro,ITE4,Marche,MAR,43.6168,13.5189,0-14,95960,98692,194652,0-15
2023,11,ITE,Centro,ITE4,Marche,MAR,43.6168,13.5189,15-29,112785,119098,231883,16-29
2023,11,ITE,Centro,ITE4,Marche,MAR,43.6168,13.5189,30-49,187992,193165,381157,30-49
2023,11,ITE,Centro,ITE4,Marche,MAR,43.6168,13.5189,50-69,199767,208063,407830,50-69
2023,11,ITE,Centro,ITE4,Marche,MAR,43.6168,13.5189,70+,127346,132701,260047,70+
2023,12,ITE,Centro,ITE4,Lazio,LAZ,41.9028,12.4964,0-14,374001,390250,764251,0-15
2023,12,ITE,Centro,ITE4,Lazio,LAZ,41.9028,12.4964,15-29,438802,461566,900368,16-29
2023,12,ITE,Centro,ITE4,Lazio,LAZ,41.9028,12.4964,30-49,727369,770811,1498180,30-49
2023,12,ITE,Centro,ITE4,Lazio,LAZ,41.9028,12.4964,50-69,740087,782240,1522327,50-69
2023,12,ITE,Centro,ITE4,Lazio,LAZ,41.9028,12.4964,70+,491430,504274,995704,70+
2023,13,ITF,Sud,ITF1,Abruzzo,ABR,42.3512,13.3984,0-14,82615,84425,167040,0-15
2023,13,ITF,Sud,ITF1,Abruzzo,ABR,42.3512,13.3984,15-29,97862,103704,201566,16-29
2023,13,ITF,Sud,ITF1,Abruzzo,ABR,42.3512,13.3984,30-49,166394,175671,342065,30-49
2023,13,ITF,Sud,ITF1,Abruzzo,ABR,42.3512,13.3984,50-69,169427,176621,346048,50-69
2023,13,ITF,Sud,ITF1,Abruzzo,ABR,42.3512,13.3984,70+,103526,108055,211581,70+
2023,14,ITF,Sud,ITF2,Molise,MOL,41.5603,14.6655,0-14,21819,22785,44604,0-15
2023,14,ITF,Sud,ITF2,Molise,MOL,41.5603,14.6655,15-29,28233,29960,58193,16-29
2023,14,ITF,Sud,ITF2,Molise,MOL,41.5603,14.6655,30-49,44165,45981,90146,30-49
2023,14,ITF,Sud,ITF2,Molise,MOL,41.5603,14.6655,50-69,50650,52361,103011,50-69
2023,14,ITF,Sud,ITF2,Molise,MOL,41.5603,14.6655,70+,29602,30819,60421,70+
2023,15,ITF,Sud,ITF3,Campania,CAM,40.8399,14.2525,0-14,362612,380211,742823,0-15
2023,15,ITF,Sud,ITF3,Campania,CAM,40.8399,14.2525,15-29,437010,452415,889425,16-29
2023,15,ITF,Sud,ITF3,Campania,CAM,40.8399,14.2525,30-49,690132,707575,1397707,30-49
2023,15,ITF,Sud,ITF3,Campania,CAM,40.8399,14.2525,50-69,744059,770781,1514840,50-69
2023,15,ITF,Sud,ITF3,Campania,CAM,40.8399,14.2525,70+,483995,494340,978335,70+
2023,16,ITF,Sud,ITF4,Puglia,PUG,41.1258,16.867,0-14,237016,246026,483042,0-15
2023,16,ITF,Sud,ITF4,Puglia,PUG,41.1258,16.867,15-29,296609,304247,600856,16-29
2023,16,ITF,Sud,ITF4,Puglia,PUG,41.1258,16.867,30-49,505740,517848,1023588,30-49
2023,16,ITF,Sud,ITF4,Puglia,PUG,41.1258,16.867,50-69,544645,558481,1103126,50-69
2023,16,ITF,Sud,ITF4,Puglia,PUG,41.1258,16.867,70+,330692,343727,674419,70+
2023,17,ITF,Sud,ITF5,Basilicata,BAS,40.6395,15.8052,0-14,41563,43079,84642,0-15
2023,17,ITF,Sud,ITF5,Basilicata,BAS,40.6395,15.8052,15-29,49509,52020,101529,16-29
2023,17,ITF,Sud,ITF5,Basilicata,BAS,40.6395,15.8052,30-49,82862,85287,168149,30-49
2023,17,ITF,Sud,ITF5,Basilicata,BAS,40.6395,15.8052,50-69,86248,88980,175228,50-69
2023,17,ITF,Sud,ITF5,Basilicata,BAS,40.6395,15.8052,70+,51058,53411,104469,70+
2023,18,ITF,Sud,ITF6,Calabria,CAL,38.9059,16.5944,0-14,195227,200960,396187,0-15
2023,18,ITF,Sud,ITF6,Calabria,CAL,38.9059,16.5944,15-29,247259,253694,500953,16-29
2023,18,ITF,Sud,ITF6,Calabria,CAL,38.9059,16.5944,30-49,366421,375669,742090,30-49
2023,18,ITF,Sud,ITF6,Calabria,CAL,38.9059,16.5944,50-69,413375,432865,846240,50-69
2023,18,ITF,Sud,ITF6,Calabria,CAL,38.9059,16.5944,70+,253066,264664,517730,70+
2023,19,ITG,Isole,ITG1,Sicilia,SIC,38.1157,13.3615,0-14,315982,324335,640317,0-15
2023,19,ITG,Isole,ITG1,Sicilia,SIC,38.1157,13.3615,15-29,372190,383958,756148,16-29
2023,19,ITG,Isole,ITG1,Sicilia,SIC,38.1157,13.3615,30-49,644885,675249,1320134,30-49
2023,19,ITG,Isole,ITG1,Sicilia,SIC,38.1157,13.3615,50-69,648514,681126,1329640,50-69
2023,19,ITG,Isole,ITG1,Sicilia,SIC,38.1157,13.3615,70+,388846,401243,790089,70+
2023,20,ITG,Isole,ITG2,Sardegna,SAR,39.2153,9.1106,0-14,100135,103816,203951,0-15
2023,20,ITG,Isole,ITG2,Sardegna,SAR,39.2153,9.1106,15-29,122427,126509,248936,16-29
2023,20,ITG,Isole,ITG2,Sardegna,SAR,39.2153,9.1106,30-49,201596,210068,411664,30-49
2023,20,ITG,Isole,ITG2,Sardegna,SAR,39.2153,9.1106,50-69,215150,228292,443442,50-69
2023,20,ITG,Isole,ITG2,Sardegna,SAR,39.2153,9.1106,70+,139904,143551,283455,70+
2024,1,ITC,Nord-ovest,ITC1,Piemonte,PIE,45.0733,7.6807,0-14,258195,273297,531492,0-15
2024,1,ITC,Nord-ovest,ITC1,Piemonte,PIE,45.0733,7.6807,15-29,333157,341092,674249,16-29
2024,1,ITC,Nord-ovest,ITC1,Piemonte,PIE,45.0733,7.6807,30-49,510890,537951,1048841,30-49
2024,1,ITC,Nord-ovest,ITC1,Piemonte,PIE,45.0733,7.6807,50-69,560024,591518,1151542,50-69
2024,1,ITC,Nord-ovest,ITC1,Piemonte,PIE,45.0733,7.6807,70+,340012,349633,689645,70+
2024,2,ITC,Nord-ovest,ITC4,Valle d'Aosta,VDA,45.737,7.3207,0-14,14940,15764,30704,0-15
2024,2,ITC,Nord-ovest,ITC4,Valle d'Aosta,VDA,45.737,7.3207,15-29,18656,19459,38115,16-29
2024,2,ITC,Nord-ovest,ITC4,Valle d'Aosta,VDA,45.737,7.3207,30-49,28885,29608,58493,30-49
2024,2,ITC,Nord-ovest,ITC4,Valle d'Aosta,VDA,45.737,7.3207,50-69,31717,33004,64721,50-69
2024,2,ITC,Nord-ovest,ITC4,Valle d'Aosta,VDA,45.737,7.3207,70+,19582,20005,39587,70+
2024,3,ITC,Nord-ovest,ITC3,Lombardia,LOM,45.4642,9.19,0-14,612684,630268,1242952,0-15
2024,3,ITC,Nord-ovest,ITC3,Lombardia,LOM,45.4642,9.19,15-29,743797,760694,1504491,16-29
2024,3,ITC,Nord-ovest,ITC3,Lombardia,LOM,45.4642,9.19,30-49,1202706,1267136,2469842,30-49
2024,3,ITC,Nord-ovest,ITC3,Lombardia,LOM,45.4642,9.19,50-69,1329586,1384653,2714239,50-69
2024,3,ITC,Nord-ovest,ITC3,Lombardia,LOM,45.4642,9.19,70+,844887,872000,1716887,70+
2024,4,ITC,Nord-ovest,ITC4,Trentino-Alto Adige,TAA,46.4993,11.3548,0-14,82764,85142,167906,0-15
2024,4,ITC,Nord-ovest,ITC4,Trentino-Alto Adige,TAA,46.4993,11.3548,15-29,96702,100800,197502,16-29
2024,4,ITC,Nord-ovest,ITC4,Trentino-Alto Adige,TAA,46.4993,11.3548,30-49,155922,164691,320613,30-49
2024,4,ITC,Nord-ovest,ITC4,Trentino-Alto Adige,TAA,46.4993,11.3548,50-69,163344,170623,333967,50-69
2024,4,ITC,Nord-ovest,ITC4,Trentino-Alto Adige,TAA,46.4993,11.3548,70+,98142,101749,199891,70+
2024,5,ITD,Nord-est,ITD1,Veneto,VEN,45.4349,12.3385,0-14,314699,333401,648100,0-15
2024,5,ITD,Nord-est,ITD1,Veneto,VEN,45.4349,12.3385,15-29,357568,378388,735956,16-29
2024,5,ITD,Nord-est,ITD1,Veneto,VEN,45.4349,12.3385,30-49,631433,654796,1286229,30-49
2024,5,ITD,Nord-est,ITD1,Veneto,VEN,45.4349,12.3385,50-69,657576,693092,1350668,50-69
2024,5,ITD,Nord-est,ITD1,Veneto,VEN,45.4349,12.3385,70+,388023,396202,784225,70+
2024,6,ITD,Nord-est,ITD5,Friuli-Venezia Giulia,FVG,45.6495,13.7689,0-14,84896,87537,172433,0-15
2024,6,ITD,Nord-est,ITD5,Friuli-Venezia Giulia,FVG,45.6495,13.7689,15-29,99023,103871,202894,16-29
2024,6,ITD,Nord-est,ITD5,Friuli-Venezia Giulia,FVG,45.6495,13.7689,30-49,171341,178842,350183,30-49
2024,6,ITD,Nord-est,ITD5,Friuli-Venezia Giulia,FVG,45.6495,13.7689,50-69,179170,182798,361968,50-69
2024,6,ITD,Nord-est,ITD5,Friuli-Venezia Giulia,FVG,45.6495,13.7689,70+,110066,115577,225643,70+
2024,7,ITD,Nord-est,ITD3,Liguria,LIG,44.4056,8.9463,0-14,95108,97057,192165,0-15
2024,7,ITD,Nord-est,ITD3,Liguria,LIG,44.4056,8.9463,15-29,111275,117033,228308,16-29
2024,7,ITD,Nord-est,ITD3,Liguria,LIG,44.4056,8.9463,30-49,195700,200238,395938,30-49
2024,7,ITD,Nord-est,ITD3,Liguria,LIG,44.4056,8.9463,50-69,197665,205069,402734,50-69
2024,7,ITD,Nord-est,ITD3,Liguria,LIG,44.4056,8.9463,70+,123794,127917,251711,70+
2024,8,ITE,Centro,ITE1,Emilia-Romagna,EMR,44.4949,11.3426,0-14,267822,276033,543855,0-15
2024,8,ITE,Centro,ITE1,Emilia-Romagna,EMR,44.4949,11.3426,15-29,331013,344209,675222,16-29
2024,8,ITE,Centro,ITE1,Emilia-Romagna,EMR,44.4949,11.3426,30-49,551244,567991,1119235,30-49
2024,8,ITE,Centro,ITE1,Emilia-Romagna,EMR,44.4949,11.3426,50-69,554385,575247,1129632,50-69
2024,8,ITE,Centro,ITE1,Emilia-Romagna,EMR,44.4949,11.3426,70+,358427,376437,734864,70+
2024,9,ITE,Centro,ITE2,Toscana,TOS,43.7696,11.2558,0-14,217407,223371,440778,0-15
2024,9,ITE,Centro,ITE2,Toscana,TOS,43.7696,11.2558,15-29,278264,289326,567590,16-29
2024,9,ITE,Centro,ITE2,Toscana,TOS,43.7696,11.2558,30-49,436697,456259,892956,30-49
2024,9,ITE,Centro,ITE2,Toscana,TOS,43.7696,11.2558,50-69,472804,482828,955632,50-69
2024,9,ITE,Centro,ITE2,Toscana,TOS,43.7696,11.2558,70+,295563,309569,605132,70+
2024,10,ITE,Centro,ITE3,Umbria,UMB,43.1068,12.3888,0-14,65897,68535,134432,0-15
2024,10,ITE,Centro,ITE3,Umbria,UMB,43.1068,12.3888,15-29,79129,82216,161345,16-29
2024,10,ITE,Centro,ITE3,Umbria,UMB,43.1068,12.3888,30-49,138616,141445,280061,30-49
2024,10,ITE,Centro,ITE3,Umbria,UMB,43.1068,12.3888,50-69,142804,149658,292462,50-69
2024,10,ITE,Centro,ITE3,Umbria,UMB,43.1068,12.3888,70+,88419,92918,181337,70+
2024,11,ITE,Centro,ITE4,Marche,MAR,43.6168,13.5189,0-14,89834,93481,183315,0-15
2024,11,ITE,Centro,ITE4,Marche,MAR,43.6168,13.5189,15-29,112433,115798,228231,16-29
2024,11,ITE,Centro,ITE4,Marche,MAR,43.6168,13.5189,30-49,183811,189042,372853,30-49
2024,11,ITE,Centro,ITE4,Marche,MAR,43.6168,13.5189,50-69,197271,209354,406625,50-69
2024,11,ITE,Centro,ITE4,Marche,MAR,43.6168,13.5189,70+,119878,124125,244003,70+
2024,12,ITE,Centro,ITE4,Lazio,LAZ,41.9028,12.4964,0-14,353558,361474,715032,0-15
2024,12,ITE,Centro,ITE4,Lazio,LAZ,41.9028,12.4964,15-29,445925,455913,901838,16-29
2024,12,ITE,Centro,ITE4,Lazio,LAZ,41.9028,12.4964,30-49,739793,760803,1500596,30-49
2024,12,ITE,Centro,ITE4,Lazio,LAZ,41.9028,12.4964,50-69,747191,774637,1521828,50-69
2024,12,ITE,Centro,ITE4,Lazio,LAZ,41.9028,12.4964,70+,484307,496336,980643,70+
2024,13,ITF,Sud,ITF1,Abruzzo,ABR,42.3512,13.3984,0-14,80553,83194,163747,0-15
2024,13,ITF,Sud,ITF1,Abruzzo,ABR,42.3512,13.3984,15-29,104249,107708,211957,16-29
2024,13,ITF,Sud,ITF1,Abruzzo,ABR,42.3512,13.3984,30-49,169245,172937,342182,30-49
2024,13,ITF,Sud,ITF1,Abruzzo,ABR,42.3512,13.3984,50-69,177696,187524,365220,50-69
2024,13,ITF,Sud,ITF1,Abruzzo,ABR,42.3512,13.3984,70+,106298,110524,216822,70+
2024,14,ITF,Sud,ITF2,Molise,MOL,41.5603,14.6655,0-14,23574,24235,47809,0-15
2024,14,ITF,Sud,ITF2,Molise,MOL,41.5603,14.6655,15-29,27884,29385,57269,16-29
2024,14,ITF,Sud,ITF2,Molise,MOL,41.5603,14.6655,30-49,45119,47131,92250,30-49
2024,14,ITF,Sud,ITF2,Molise,MOL,41.5603,14.6655,50-69,46090,47648,93738,50-69
2024,14,ITF,Sud,ITF2,Molise,MOL,41.5603,14.6655,70+,30383,31337,61720,70+
2024,15,ITF,Sud,ITF3,Campania,CAM,40.8399,14.2525,0-14,370619,389666,760285,0-15
2024,15,ITF,Sud,ITF3,Campania,CAM,40.8399,14.2525,15-29,424714,434446,859160,16-29
2024,15,ITF,Sud,ITF3,Campania,CAM,40.8399,14.2525,30-49,681553,720088,1401641,30-49
2024,15,ITF,Sud,ITF3,Campania,CAM,40.8399,14.2525,50-69,745540,790986,1536526,50-69
2024,15,ITF,Sud,ITF3,Campania,CAM,40.8399,14.2525,70+,455284,472733,928017,70+
2024,16,ITF,Sud,ITF4,Puglia,PUG,41.1258,16.867,0-14,242647,256204,498851,0-15
2024,16,ITF,Sud,ITF4,Puglia,PUG,41.1258,16.867,15-29,305252,318423,623675,16-29
2024,16,ITF,Sud,ITF4,Puglia,PUG,41.1258,16.867,30-49,470610,484736,955346,30-49
2024,16,ITF,Sud,ITF4,Puglia,PUG,41.1258,16.867,50-69,524921,550677,1075598,50-69
2024,16,ITF,Sud,ITF4,Puglia,PUG,41.1258,16.867,70+,315102,321949,637051,70+
2024,17,ITF,Sud,ITF5,Basilicata,BAS,40.6395,15.8052,0-14,39177,40919,80096,0-15
2024,17,ITF,Sud,ITF5,Basilicata,BAS,40.6395,15.8052,15-29,48440,50248,98688,16-29
2024,17,ITF,Sud,ITF5,Basilicata,BAS,40.6395,15.8052,30-49,80015,83737,163752,30-49
2024,17,ITF,Sud,ITF5,Basilicata,BAS,40.6395,15.8052,50-69,84521,89392,173913,50-69
2024,17,ITF,Sud,ITF5,Basilicata,BAS,40.6395,15.8052,70+,55977,57632,113609,70+
2024,18,ITF,Sud,ITF6,Calabria,CAL,38.9059,16.5944,0-14,200070,207275,407345,0-15
2024,18,ITF,Sud,ITF6,Calabria,CAL,38.9059,16.5944,15-29,243857,256973,500830,16-29
2024,18,ITF,Sud,ITF6,Calabria,CAL,38.9059,16.5944,30-49,380332,399537,779869,30-49
2024,18,ITF,Sud,ITF6,Calabria,CAL,38.9059,16.5944,50-69,430359,447426,877785,50-69
2024,18,ITF,Sud,ITF6,Calabria,CAL,38.9059,16.5944,70+,262562,270488,533050,70+
2024,19,ITG,Isole,ITG1,Sicilia,SIC,38.1157,13.3615,0-14,324586,334895,659481,0-15
2024,19,ITG,Isole,ITG1,Sicilia,SIC,38.1157,13.3615,15-29,375732,390588,766320,16-29
2024,19,ITG,Isole,ITG1,Sicilia,SIC,38.1157,13.3615,30-49,629018,646405,1275423,30-49
2024,19,ITG,Isole,ITG1,Sicilia,SIC,38.1157,13.3615,50-69,682304,706897,1389201,50-69
2024,19,ITG,Isole,ITG1,Sicilia,SIC,38.1157,13.3615,70+,389114,397825,786939,70+
2024,20,ITG,Isole,ITG2,Sardegna,SAR,39.2153,9.1106,0-14,98368,104204,202572,0-15
2024,20,ITG,Isole,ITG2,Sardegna,SAR,39.2153,9.1106,15-29,121795,128164,249959,16-29
2024,20,ITG,Isole,ITG2,Sardegna,SAR,39.2153,9.1106,30-49,193888,199711,393599,30-49
2024,20,ITG,Isole,ITG2,Sardegna,SAR,39.2153,9.1106,50-69,214248,225831,440079,50-69
2024,20,ITG,Isole,ITG2,Sardegna,SAR,39.2153,9.1106,70+,135148,141362,276510,70+
