year,month,region_name,monthly_new_cases,population,incidence_per_100k
2020,2,Abruzzo,8,7796844,0.10
2020,2,Basilicata,0,3902814,0.00
2020,2,Calabria,4,18381060,0.02
2020,2,Campania,52,34978008,0.15
2020,2,Emilia-Romagna,868,25585818,3.39
2020,2,Friuli Venezia Giulia,0,7853814,0.00
2020,2,Lazio,20,35309298,0.06
2020,2,Liguria,168,9009258,1.86
2020,2,Lombardia,2436,58627014,4.16
2020,2,Marche,44,8799024,0.50
2020,2,Molise,0,2171604,0.00
2020,2,Piemonte,44,23703600,0.19
2020,2,Puglia,12,23047446,0.05
2020,2,Sardegna,0,9626358,0.00
2020,2,Sicilia,16,29216028,0.05
2020,2,Toscana,44,20678478,0.21
2020,2,Umbria,0,6445224,0.00
2020,2,Valle d'Aosta,0,1431600,0.00
2020,2,Veneto,764,29394720,2.60
2020,3,Abruzzo,5596,40283694,13.89
2020,3,Basilicata,904,20164539,4.48
2020,3,Calabria,2632,94968810,2.77
2020,3,Campania,8316,180719708,4.60
2020,3,Emilia-Romagna,55428,132193393,41.93
2020,3,Friuli Venezia Giulia,6372,40578039,15.70
2020,3,Lazio,12356,182431373,6.77
2020,3,Liguria,13496,46547833,28.99
2020,3,Lombardia,170372,302906239,56.25
2020,3,Marche,15256,45461624,33.56
2020,3,Molise,576,11219954,5.13
2020,3,Piemonte,37160,122468600,30.34
2020,3,Puglia,7200,119078471,6.05
2020,3,Sardegna,2888,49736183,5.81
2020,3,Sicilia,6572,150949478,4.35
2020,3,Toscana,18388,106838803,17.21
2020,3,Umbria,4312,33300324,12.95
2020,3,Valle d'Aosta,2512,7396600,33.96
2020,3,Veneto,48320,151872720,31.82
2020,4,Abruzzo,6116,38984220,15.69
2020,4,Basilicata,564,19514070,2.89
2020,4,Calabria,1796,91905300,1.95
2020,4,Campania,9324,174890040,5.33
2020,4,Emilia-Romagna,45448,127929090,35.53
2020,4,Friuli Venezia Giulia,5728,39269070,14.59
2020,4,Lazio,14084,176546490,7.98
2020,4,Liguria,18308,45046290,40.64
2020,4,Lombardia,130096,293135070,44.38
2020,4,Marche,9688,43995120,22.02
2020,4,Molise,616,10858020,5.67
2020,4,Piemonte,67952,118518000,57.33
2020,4,Puglia,9076,115237230,7.88
2020,4,Sardegna,2292,48131790,4.76
2020,4,Sicilia,6076,146080140,4.16
2020,4,Toscana,18976,103392390,18.35
2020,4,Umbria,1256,32226120,3.90
2020,4,Valle d'Aosta,2000,7158000,27.94
2020,4,Veneto,49288,146973600,33.54
2020,5,Abruzzo,1256,40283694,3.12
2020,5,Basilicata,128,20164539,0.63
2020,5,Calabria,200,94968810,0.21
2020,5,Campania,1516,180719708,0.84
2020,5,Emilia-Romagna,9416,132193393,7.12
2020,5,Friuli Venezia Giulia,992,40578039,2.44
2020,5,Lazio,4448,182431373,2.44
2020,5,Liguria,6680,46547833,14.35
2020,5,Lombardia,52944,302906239,17.48
2020,5,Marche,1932,45461624,4.25
2020,5,Molise,552,11219954,4.92
2020,5,Piemonte,17392,122468600,14.20
2020,5,Puglia,1688,119078471,1.42
2020,5,Sardegna,244,49736183,0.49
2020,5,Sicilia,1108,150949478,0.73
2020,5,Toscana,3008,106838803,2.82
2020,5,Umbria,156,33300324,0.47
2020,5,Valle d'Aosta,224,7396600,3.03
2020,5,Veneto,6340,151872720,4.17
2020,6,Abruzzo,192,38984220,0.49
2020,6,Basilicata,12,19514070,0.06
2020,6,Calabria,96,91905300,0.10
2020,6,Campania,-448,174890040,-0.26
2020,6,Emilia-Romagna,2824,127929090,2.21
2020,6,Friuli Venezia Giulia,140,39269070,0.36
2020,6,Lazio,1528,176546490,0.87
2020,6,Liguria,1256,45046290,2.79
2020,6,Lombardia,19732,293135070,6.73
2020,6,Marche,208,43995120,0.47
2020,6,Molise,36,10858020,0.33
2020,6,Piemonte,2848,118518000,2.40
2020,6,Puglia,148,115237230,0.13
2020,6,Sardegna,76,48131790,0.16
2020,6,Sicilia,136,146080140,0.09
2020,6,Toscana,584,103392390,0.56
2020,6,Umbria,40,32226120,0.12
2020,6,Valle d'Aosta,44,7158000,0.61
2020,6,Veneto,884,146973600,0.60
2020,7,Abruzzo,392,40283694,0.97
2020,7,Basilicata,204,20164539,1.01
2020,7,Calabria,340,94968810,0.36
2020,7,Campania,1236,180719708,0.68
2020,7,Emilia-Romagna,4800,132193393,3.63
2020,7,Friuli Venezia Giulia,344,40578039,0.85
2020,7,Lazio,2148,182431373,1.18
2020,7,Liguria,948,46547833,2.04
2020,7,Lombardia,9272,302906239,3.06
2020,7,Marche,416,45461624,0.92
2020,7,Molise,104,11219954,0.93
2020,7,Piemonte,1272,122468600,1.04
2020,7,Puglia,332,119078471,0.28
2020,7,Sardegna,160,49736183,0.32
2020,7,Sicilia,832,150949478,0.55
2020,7,Toscana,932,106838803,0.87
2020,7,Umbria,100,33300324,0.30
2020,7,Valle d'Aosta,52,7396600,0.70
2020,7,Veneto,4140,151872720,2.73
2020,8,Abruzzo,1608,40283694,3.99
2020,8,Basilicata,300,20164539,1.49
2020,8,Calabria,900,94968810,0.95
2020,8,Campania,8268,180719708,4.58
2020,8,Emilia-Romagna,9032,132193393,6.83
2020,8,Friuli Venezia Giulia,1500,40578039,3.70
2020,8,Lazio,10176,182431373,5.58
2020,8,Liguria,2948,46547833,6.33
2020,8,Lombardia,15424,302906239,5.09
2020,8,Marche,1424,45461624,3.13
2020,8,Molise,216,11219954,1.93
2020,8,Piemonte,4856,122468600,3.97
2020,8,Puglia,3316,119078471,2.78
2020,8,Sardegna,3188,49736183,6.41
2020,8,Sicilia,4116,150949478,2.73
2020,8,Toscana,5500,106838803,5.15
2020,8,Umbria,1308,33300324,3.93
2020,8,Valle d'Aosta,132,7396600,1.78
2020,8,Veneto,12596,151872720,8.29
2020,9,Abruzzo,2612,38984220,6.70
2020,9,Basilicata,1140,19514070,5.84
2020,9,Calabria,1976,91905300,2.15
2020,9,Campania,22536,174890040,12.89
2020,9,Emilia-Romagna,13580,127929090,10.62
2020,9,Friuli Venezia Giulia,3588,39269070,9.14
2020,9,Lazio,21136,176546490,11.97
2020,9,Liguria,9536,45046290,21.17
2020,9,Lombardia,26608,293135070,9.08
2020,9,Marche,2860,43995120,6.50
2020,9,Molise,520,10858020,4.79
2020,9,Piemonte,10084,118518000,8.51
2020,9,Puglia,9384,115237230,8.14
2020,9,Sardegna,6828,48131790,14.19
2020,9,Sicilia,11204,146080140,7.67
2020,9,Toscana,11876,103392390,11.49
2020,9,Umbria,2644,32226120,8.20
2020,9,Valle d'Aosta,292,7158000,4.08
2020,9,Veneto,24088,146973600,16.39
2020,10,Abruzzo,24572,40283694,61.00
2020,10,Basilicata,5568,20164539,27.61
2020,10,Calabria,12324,94968810,12.98
2020,10,Campania,171992,180719708,95.17
2020,10,Emilia-Romagna,82224,132193393,62.20
2020,10,Friuli Venezia Giulia,24700,40578039,60.87
2020,10,Lazio,119788,182431373,65.66
2020,10,Liguria,61092,46547833,131.25
2020,10,Lombardia,356068,302906239,117.55
2020,10,Marche,24664,45461624,54.25
2020,10,Molise,4160,11219954,37.08
2020,10,Piemonte,140936,122468600,115.08
2020,10,Puglia,43344,119078471,36.40
2020,10,Sardegna,22124,49736183,44.48
2020,10,Sicilia,58560,150949478,38.79
2020,10,Toscana,117744,106838803,110.21
2020,10,Umbria,30900,33300324,92.79
2020,10,Valle d'Aosta,7704,7396600,104.16
2020,10,Veneto,149964,151872720,98.74
2020,11,Abruzzo,69944,38984220,179.42
2020,11,Basilicata,23808,19514070,122.00
2020,11,Calabria,46596,91905300,50.70
2020,11,Campania,398316,174890040,227.75
2020,11,Emilia-Romagna,269164,127929090,210.40
2020,11,Friuli Venezia Giulia,79236,39269070,201.78
2020,11,Lazio,293432,176546490,166.21
2020,11,Liguria,92304,45046290,204.91
2020,11,Lombardia,848188,293135070,289.35
2020,11,Marche,62740,43995120,142.61
2020,11,Molise,12072,10858020,111.18
2020,11,Piemonte,387520,118518000,326.97
2020,11,Puglia,142792,115237230,123.91
2020,11,Sardegna,48176,48131790,100.09
2020,11,Sicilia,167712,146080140,114.81
2020,11,Toscana,236712,103392390,228.95
2020,11,Umbria,54516,32226120,169.17
2020,11,Valle d'Aosta,13080,7158000,182.73
2020,11,Veneto,442516,146973600,301.09
2020,12,Abruzzo,29208,40283694,72.51
2020,12,Basilicata,10736,20164539,53.24
2020,12,Calabria,28768,94968810,30.29
2020,12,Campania,137416,180719708,76.04
2020,12,Emilia-Romagna,193960,132193393,146.72
2020,12,Friuli Venezia Giulia,79956,40578039,197.04
2020,12,Lazio,173084,182431373,94.88
2020,12,Liguria,35140,46547833,75.49
2020,12,Lombardia,284448,302906239,93.91
2020,12,Marche,47272,45461624,103.98
2020,12,Molise,7256,11219954,64.67
2020,12,Piemonte,131608,122468600,107.46
2020,12,Puglia,146576,119078471,123.09
2020,12,Sardegna,38552,49736183,77.51
2020,12,Sicilia,119832,150949478,79.39
2020,12,Toscana,67548,106838803,63.22
2020,12,Umbria,20608,33300324,61.89
2020,12,Valle d'Aosta,3100,7396600,41.91
2020,12,Veneto,480588,151872720,316.44
2021,1,Abruzzo,30176,40633653,74.26
2021,1,Basilicata,9624,20417127,47.14
2021,1,Calabria,35308,92611229,38.12
2021,1,Campania,130048,173696844,74.87
2021,1,Emilia-Romagna,188888,128681124,146.79
2021,1,Friuli Venezia Giulia,68444,40820366,167.67
2021,1,Lazio,169588,178180095,95.18
2021,1,Liguria,36796,46138943,79.75
2021,1,Lombardia,236604,300980612,78.61
2021,1,Marche,55452,46452353,119.37
2021,1,Molise,7304,11048834,66.11
2021,1,Piemonte,101076,128896791,78.42
2021,1,Puglia,127772,116396692,109.77
2021,1,Sardegna,29696,49594327,59.88
2021,1,Sicilia,169836,149200458,113.83
2021,1,Toscana,56512,109699018,51.52
2021,1,Umbria,28364,33282654,85.22
2021,1,Valle d'Aosta,2172,7171478,30.29
2021,1,Veneto,298680,153238704,194.91
2021,2,Abruzzo,46564,36701364,126.87
2021,2,Basilicata,9616,18441276,52.14
2021,2,Calabria,20532,83648852,24.55
2021,2,Campania,181736,156887472,115.84
2021,2,Emilia-Romagna,168788,116228112,145.22
2021,2,Friuli Venezia Giulia,37112,36870008,100.66
2021,2,Lazio,115120,160936860,71.53
2021,2,Liguria,33240,41673884,79.76
2021,2,Lombardia,260108,271853456,95.68
2021,2,Marche,49480,41956964,117.93
2021,2,Molise,9368,9979592,93.87
2021,2,Piemonte,96148,116422908,82.59
2021,2,Puglia,96572,105132496,91.86
2021,2,Sardegna,10616,44794876,23.70
2021,2,Sicilia,65820,134761704,48.84
2021,2,Toscana,87116,99082984,87.92
2021,2,Umbria,34528,30061752,114.86
2021,2,Valle d'Aosta,1028,6477464,15.87
2021,2,Veneto,166520,138409152,120.31
2021,3,Abruzzo,43200,40633653,106.32
2021,3,Basilicata,15292,20417127,74.90
2021,3,Calabria,36312,92611229,39.21
2021,3,Campania,278680,173696844,160.44
2021,3,Emilia-Romagna,303092,128681124,235.54
2021,3,Friuli Venezia Giulia,82712,40820366,202.62
2021,3,Lazio,204876,178180095,114.98
2021,3,Liguria,45384,46138943,98.36
2021,3,Lombardia,529732,300980612,176.00
2021,3,Marche,81156,46452353,174.71
2021,3,Molise,6316,11048834,57.16
2021,3,Piemonte,248584,128896791,192.86
2021,3,Puglia,183848,116396692,157.95
2021,3,Sardegna,17248,49594327,34.78
2021,3,Sicilia,86260,149200458,57.81
2021,3,Toscana,156556,109699018,142.71
2021,3,Umbria,24900,33282654,74.81
2021,3,Valle d'Aosta,4744,7171478,66.15
2021,3,Veneto,243908,153238704,159.17
2021,4,Abruzzo,23992,39322890,61.01
2021,4,Basilicata,17992,19758510,91.06
2021,4,Calabria,52464,89623770,58.54
2021,4,Campania,218012,168093720,129.70
2021,4,Emilia-Romagna,134432,124530120,107.95
2021,4,Friuli Venezia Giulia,30664,39503580,77.62
2021,4,Lazio,153228,172432350,88.86
2021,4,Liguria,40368,44650590,90.41
2021,4,Lombardia,276544,291271560,94.94
2021,4,Marche,38236,44953890,85.06
2021,4,Molise,3832,10692420,35.84
2021,4,Piemonte,144452,124738830,115.80
2021,4,Puglia,167316,112641960,148.54
2021,4,Sardegna,36016,47994510,75.04
2021,4,Sicilia,137456,144387540,95.20
2021,4,Toscana,125872,106160340,118.57
2021,4,Umbria,14136,32209020,43.89
2021,4,Valle d'Aosta,6536,6940140,94.18
2021,4,Veneto,136236,148295520,91.87
2021,5,Abruzzo,11316,40633653,27.85
2021,5,Basilicata,9440,20417127,46.24
2021,5,Calabria,27432,92611229,29.62
2021,5,Campania,109908,173696844,63.28
2021,5,Emilia-Romagna,58908,128681124,45.78
2021,5,Friuli Venezia Giulia,7400,40820366,18.13
2021,5,Lazio,73076,178180095,41.01
2021,5,Liguria,13380,46138943,29.00
2021,5,Lombardia,121988,300980612,40.53
2021,5,Marche,19908,46452353,42.86
2021,5,Molise,1432,11048834,12.96
2021,5,Piemonte,59524,128896791,46.18
2021,5,Puglia,62312,116396692,53.53
2021,5,Sardegna,8608,49594327,17.36
2021,5,Sicilia,69288,149200458,46.44
2021,5,Toscana,58320,109699018,53.16
2021,5,Umbria,7764,33282654,23.33
2021,5,Valle d'Aosta,2644,7171478,36.87
2021,5,Veneto,58444,153238704,38.14
2021,6,Abruzzo,3264,39322890,8.30
2021,6,Basilicata,2528,19758510,12.79
2021,6,Calabria,8120,89623770,9.06
2021,6,Campania,20172,168093720,12.00
2021,6,Emilia-Romagna,11900,124530120,9.56
2021,6,Friuli Venezia Giulia,2396,39503580,6.07
2021,6,Lazio,15768,172432350,9.14
2021,6,Liguria,1916,44650590,4.29
2021,6,Lombardia,26832,291271560,9.21
2021,6,Marche,3832,44953890,8.52
2021,6,Molise,532,10692420,4.98
2021,6,Piemonte,10600,124738830,8.50
2021,6,Puglia,11688,112641960,10.38
2021,6,Sardegna,2308,47994510,4.81
2021,6,Sicilia,23548,144387540,16.31
2021,6,Toscana,11408,106160340,10.75
2021,6,Umbria,1880,32209020,5.84
2021,6,Valle d'Aosta,392,6940140,5.65
2021,6,Veneto,11372,148295520,7.67
2021,7,Abruzzo,5612,40633653,13.81
2021,7,Basilicata,1808,20417127,8.86
2021,7,Calabria,7972,92611229,8.61
2021,7,Campania,27004,173696844,15.55
2021,7,Emilia-Romagna,30136,128681124,23.42
2021,7,Friuli Venezia Giulia,4456,40820366,10.92
2021,7,Lazio,50252,178180095,28.20
2021,7,Liguria,7580,46138943,16.43
2021,7,Lombardia,44580,300980612,14.81
2021,7,Marche,7688,46452353,16.55
2021,7,Molise,788,11048834,7.13
2021,7,Piemonte,11612,128896791,9.01
2021,7,Puglia,10760,116396692,9.24
2021,7,Sardegna,19260,49594327,38.84
2021,7,Sicilia,44976,149200458,30.14
2021,7,Toscana,30796,109699018,28.07
2021,7,Umbria,5996,33282654,18.02
2021,7,Valle d'Aosta,296,7171478,4.13
2021,7,Veneto,49124,153238704,32.06
2021,8,Abruzzo,11392,40633653,28.04
2021,8,Basilicata,6156,20417127,30.15
2021,8,Calabria,27028,92611229,29.18
2021,8,Campania,58856,173696844,33.88
2021,8,Emilia-Romagna,70876,128681124,55.08
2021,8,Friuli Venezia Giulia,11192,40820366,27.42
2021,8,Lazio,64500,178180095,36.20
2021,8,Liguria,17908,46138943,38.81
2021,8,Lombardia,66896,300980612,22.23
2021,8,Marche,19820,46452353,42.67
2021,8,Molise,1332,11048834,12.06
2021,8,Piemonte,26720,128896791,20.73
2021,8,Puglia,30092,116396692,25.85
2021,8,Sardegna,39732,49594327,80.11
2021,8,Sicilia,134360,149200458,90.05
2021,8,Toscana,77168,109699018,70.35
2021,8,Umbria,13336,33282654,40.07
2021,8,Valle d'Aosta,1016,7171478,14.17
2021,8,Veneto,82228,153238704,53.66
2021,9,Abruzzo,8784,39322890,22.34
2021,9,Basilicata,4788,19758510,24.23
2021,9,Calabria,24252,89623770,27.06
2021,9,Campania,42516,168093720,25.29
2021,9,Emilia-Romagna,47784,124530120,38.37
2021,9,Friuli Venezia Giulia,11932,39503580,30.20
2021,9,Lazio,39576,172432350,22.95
2021,9,Liguria,11572,44650590,25.92
2021,9,Lombardia,56200,291271560,19.29
2021,9,Marche,13360,44953890,29.72
2021,9,Molise,1012,10692420,9.46
2021,9,Piemonte,26180,124738830,20.99
2021,9,Puglia,20344,112641960,18.06
2021,9,Sardegna,13092,47994510,27.28
2021,9,Sicilia,86120,144387540,59.65
2021,9,Toscana,43788,106160340,41.25
2021,9,Umbria,8496,32209020,26.38
2021,9,Valle d'Aosta,436,6940140,6.28
2021,9,Veneto,68648,148295520,46.29
2021,10,Abruzzo,7124,40633653,17.53
2021,10,Basilicata,2540,20417127,12.44
2021,10,Calabria,15128,92611229,16.33
2021,10,Campania,43236,173696844,24.89
2021,10,Emilia-Romagna,34276,128681124,26.64
2021,10,Friuli Venezia Giulia,14004,40820366,34.31
2021,10,Lazio,42396,178180095,23.79
2021,10,Liguria,8872,46138943,19.23
2021,10,Lombardia,43356,300980612,14.40
2021,10,Marche,9500,46452353,20.45
2021,10,Molise,676,11048834,6.12
2021,10,Piemonte,23660,128896791,18.36
2021,10,Puglia,17096,116396692,14.69
2021,10,Sardegna,3720,49594327,7.50
2021,10,Sicilia,39424,149200458,26.42
2021,10,Toscana,29700,109699018,27.07
2021,10,Umbria,5688,33282654,17.09
2021,10,Valle d'Aosta,728,7171478,10.15
2021,10,Veneto,57612,153238704,37.60
2021,11,Abruzzo,18628,39322890,47.37
2021,11,Basilicata,3204,19758510,16.22
2021,11,Calabria,21536,89623770,24.03
2021,11,Campania,93764,168093720,55.78
2021,11,Emilia-Romagna,94876,124530120,76.19
2021,11,Friuli Venezia Giulia,55544,39503580,140.60
2021,11,Lazio,113700,172432350,65.94
2021,11,Liguria,28048,44650590,62.82
2021,11,Lombardia,151844,291271560,52.13
2021,11,Marche,30508,44953890,67.87
2021,11,Molise,2164,10692420,20.24
2021,11,Piemonte,57284,124738830,45.92
2021,11,Puglia,25880,112641960,22.98
2021,11,Sardegna,10696,47994510,22.29
2021,11,Sicilia,62012,144387540,42.95
2021,11,Toscana,47436,106160340,44.68
2021,11,Umbria,9120,32209020,28.32
2021,11,Valle d'Aosta,3532,6940140,50.89
2021,11,Veneto,193304,148295520,130.35
2021,12,Abruzzo,75716,40633653,186.34
2021,12,Basilicata,18920,20417127,92.67
2021,12,Calabria,75240,92611229,81.24
2021,12,Campania,370416,173696844,213.25
2021,12,Emilia-Romagna,324440,128681124,252.13
2021,12,Friuli Venezia Giulia,100776,40820366,246.88
2021,12,Lazio,326812,178180095,183.42
2021,12,Liguria,106644,46138943,231.14
2021,12,Lombardia,1139160,300980612,378.48
2021,12,Marche,86420,46452353,186.04
2021,12,Molise,5884,11048834,53.25
2021,12,Piemonte,381924,128896791,296.30
2021,12,Puglia,119092,116396692,102.32
2021,12,Sardegna,37492,49594327,75.60
2021,12,Sicilia,192584,149200458,129.08
2021,12,Toscana,320412,109699018,292.08
2021,12,Umbria,85316,33282654,256.34
2021,12,Valle d'Aosta,12016,7171478,167.55
2021,12,Veneto,609328,153238704,397.63
2022,1,Abruzzo,434948,39815129,1092.42
2022,1,Basilicata,109780,20576715,533.52
2022,1,Calabria,233660,93370450,250.25
2022,1,Campania,1792204,178304560,1005.14
2022,1,Emilia-Romagna,2056856,129646805,1586.51
2022,1,Friuli Venezia Giulia,449256,41531072,1081.73
2022,1,Lazio,1508336,173337616,870.17
2022,1,Liguria,528432,44737991,1181.17
2022,1,Lombardia,3646868,305291596,1194.55
2022,1,Marche,461788,46364282,996.00
2022,1,Molise,53068,11042634,480.57
2022,1,Piemonte,1516380,129675480,1169.37
2022,1,Puglia,826700,118693203,696.50
2022,1,Sardegna,147884,50224278,294.45
2022,1,Sicilia,997920,152530757,654.24
2022,1,Toscana,1430828,108890011,1314.01
2022,1,Umbria,264920,32447328,816.46
2022,1,Valle d'Aosta,51704,7252357,712.93
2022,1,Veneto,2409988,150025027,1606.39
2022,2,Abruzzo,192976,35962052,536.61
2022,2,Basilicata,77568,18585420,417.36
2022,2,Calabria,181108,84334600,214.75
2022,2,Campania,698604,161049280,433.78
2022,2,Emilia-Romagna,543384,117100340,464.03
2022,2,Friuli Venezia Giulia,161664,37511936,430.97
2022,2,Lazio,764612,156563008,488.37
2022,2,Liguria,192312,40408508,475.92
2022,2,Lombardia,813916,275747248,295.17
2022,2,Marche,265016,41877416,632.84
2022,2,Molise,36196,9973992,362.90
2022,2,Piemonte,416208,117126240,355.35
2022,2,Puglia,527680,107206764,492.21
2022,2,Sardegna,201928,45363864,445.13
2022,2,Sicilia,610716,137769716,443.29
2022,2,Toscana,466872,98352268,474.69
2022,2,Umbria,116400,29307264,397.17
2022,2,Valle d'Aosta,9172,6550516,140.02
2022,2,Veneto,880132,135506476,649.51
2022,3,Abruzzo,206856,39815129,519.54
2022,3,Basilicata,92892,20576715,451.44
2022,3,Calabria,320240,93370450,342.98
2022,3,Campania,777396,178304560,435.99
2022,3,Emilia-Romagna,381328,129646805,294.13
2022,3,Friuli Venezia Giulia,104608,41531072,251.88
2022,3,Lazio,849064,173337616,489.83
2022,3,Liguria,161788,44737991,361.63
2022,3,Lombardia,818668,305291596,268.16
2022,3,Marche,253644,46364282,547.07
2022,3,Molise,39980,11042634,362.05
2022,3,Piemonte,289816,129675480,223.49
2022,3,Puglia,734388,118693203,618.73
2022,3,Sardegna,215892,50224278,429.86
2022,3,Sicilia,602316,152530757,394.88
2022,3,Toscana,513440,108890011,471.52
2022,3,Umbria,199604,32447328,615.16
2022,3,Valle d'Aosta,6444,7252357,88.85
2022,3,Veneto,761076,150025027,507.30
2022,4,Abruzzo,237592,38530770,616.63
2022,4,Basilicata,84716,19912950,425.43
2022,4,Calabria,249236,90358500,275.83
2022,4,Campania,808860,172552800,468.76
2022,4,Emilia-Romagna,519784,125464650,414.29
2022,4,Friuli Venezia Giulia,116508,40191360,289.88
2022,4,Lazio,787020,167746080,469.17
2022,4,Liguria,166304,43294830,384.12
2022,4,Lombardia,912504,295443480,308.86
2022,4,Marche,216056,44868660,481.53
2022,4,Molise,43584,10686420,407.84
2022,4,Piemonte,376008,125492400,299.63
2022,4,Puglia,595108,114864390,518.10
2022,4,Sardegna,201036,48604140,413.62
2022,4,Sicilia,475164,147610410,321.90
2022,4,Toscana,452668,105377430,429.57
2022,4,Umbria,136512,31400640,434.74
2022,4,Valle d'Aosta,9716,7018410,138.44
2022,4,Veneto,808424,145185510,556.82
2022,5,Abruzzo,127068,39815129,319.15
2022,5,Basilicata,40680,20576715,197.70
2022,5,Calabria,127420,93370450,136.47
2022,5,Campania,427272,178304560,239.63
2022,5,Emilia-Romagna,302248,129646805,233.13
2022,5,Friuli Venezia Giulia,62900,41531072,151.45
2022,5,Lazio,376668,173337616,217.30
2022,5,Liguria,91152,44737991,203.75
2022,5,Lombardia,510160,305291596,167.11
2022,5,Marche,115744,46364282,249.64
2022,5,Molise,24032,11042634,217.63
2022,5,Piemonte,214860,129675480,165.69
2022,5,Puglia,267084,118693203,225.02
2022,5,Sardegna,129984,50224278,258.81
2022,5,Sicilia,274712,152530757,180.10
2022,5,Toscana,214232,108890011,196.74
2022,5,Umbria,72968,32447328,224.88
2022,5,Valle d'Aosta,6280,7252357,86.59
2022,5,Veneto,397816,150025027,265.17
2022,6,Abruzzo,104248,38530770,270.56
2022,6,Basilicata,34080,19912950,171.14
2022,6,Calabria,107608,90358500,119.09
2022,6,Campania,435916,172552800,252.63
2022,6,Emilia-Romagna,339268,125464650,270.41
2022,6,Friuli Venezia Giulia,89840,40191360,223.53
2022,6,Lazio,546284,167746080,325.66
2022,6,Liguria,101600,43294830,234.67
2022,6,Lombardia,633600,295443480,214.46
2022,6,Marche,102484,44868660,228.41
2022,6,Molise,19924,10686420,186.44
2022,6,Piemonte,214388,125492400,170.84
2022,6,Puglia,289228,114864390,251.80
2022,6,Sardegna,154180,48604140,317.22
2022,6,Sicilia,343084,147610410,232.43
2022,6,Toscana,245876,105377430,233.33
2022,6,Umbria,76340,31400640,243.12
2022,6,Valle d'Aosta,4960,7018410,70.67
2022,6,Veneto,484880,145185510,333.97
2022,7,Abruzzo,301228,39815129,756.57
2022,7,Basilicata,97352,20576715,473.12
2022,7,Calabria,318860,93370450,341.50
2022,7,Campania,1155848,178304560,648.24
2022,7,Emilia-Romagna,750396,129646805,578.80
2022,7,Friuli Venezia Giulia,208012,41531072,500.86
2022,7,Lazio,952228,173337616,549.35
2022,7,Liguria,239884,44737991,536.20
2022,7,Lombardia,1279500,305291596,419.11
2022,7,Marche,304900,46364282,657.62
2022,7,Molise,45652,11042634,413.42
2022,7,Piemonte,525532,129675480,405.27
2022,7,Puglia,769440,118693203,648.26
2022,7,Sardegna,265184,50224278,528.00
2022,7,Sicilia,737696,152530757,483.64
2022,7,Toscana,503520,108890011,462.41
2022,7,Umbria,180660,32447328,556.78
2022,7,Valle d'Aosta,16344,7252357,225.36
2022,7,Veneto,1120100,150025027,746.61
2022,8,Abruzzo,129728,39815129,325.83
2022,8,Basilicata,33372,20576715,162.18
2022,8,Calabria,168600,93370450,180.57
2022,8,Campania,295780,178304560,165.88
2022,8,Emilia-Romagna,249020,129646805,192.08
2022,8,Friuli Venezia Giulia,89860,41531072,216.37
2022,8,Lazio,265076,173337616,152.92
2022,8,Liguria,100972,44737991,225.70
2022,8,Lombardia,408900,305291596,133.94
2022,8,Marche,117544,46364282,253.52
2022,8,Molise,20412,11042634,184.85
2022,8,Piemonte,187308,129675480,144.44
2022,8,Puglia,221388,118693203,186.52
2022,8,Sardegna,87460,50224278,174.14
2022,8,Sicilia,247448,152530757,162.23
2022,8,Toscana,152632,108890011,140.17
2022,8,Umbria,59424,32447328,183.14
2022,8,Valle d'Aosta,6772,7252357,93.38
2022,8,Veneto,464536,150025027,309.64
2022,9,Abruzzo,79288,38530770,205.78
2022,9,Basilicata,19916,19912950,100.02
2022,9,Calabria,78276,90358500,86.63
2022,9,Campania,194248,172552800,112.57
2022,9,Emilia-Romagna,176868,125464650,140.97
2022,9,Friuli Venezia Giulia,68132,40191360,169.52
2022,9,Lazio,214624,167746080,127.95
2022,9,Liguria,62456,43294830,144.26
2022,9,Lombardia,400432,295443480,135.54
2022,9,Marche,72928,44868660,162.54
2022,9,Molise,11512,10686420,107.73
2022,9,Piemonte,196932,125492400,156.93
2022,9,Puglia,101808,114864390,88.63
2022,9,Sardegna,43084,48604140,88.64
2022,9,Sicilia,117860,147610410,79.85
2022,9,Toscana,117908,105377430,111.89
2022,9,Umbria,49084,31400640,156.32
2022,9,Valle d'Aosta,3916,7018410,55.80
2022,9,Veneto,389076,145185510,267.99
2022,10,Abruzzo,114324,39815129,287.14
2022,10,Basilicata,20428,20576715,99.28
2022,10,Calabria,91752,93370450,98.27
2022,10,Campania,248868,178304560,139.57
2022,10,Emilia-Romagna,381428,129646805,294.21
2022,10,Friuli Venezia Giulia,129328,41531072,311.40
2022,10,Lazio,385172,173337616,222.21
2022,10,Liguria,114932,44737991,256.90
2022,10,Lombardia,836228,305291596,273.91
2022,10,Marche,124328,46364282,268.15
2022,10,Molise,14336,11042634,129.82
2022,10,Piemonte,438848,129675480,338.42
2022,10,Puglia,158724,118693203,133.73
2022,10,Sardegna,74812,50224278,148.96
2022,10,Sicilia,153452,152530757,100.60
2022,10,Toscana,254212,108890011,233.46
2022,10,Umbria,96248,32447328,296.63
2022,10,Valle d'Aosta,12020,7252357,165.74
2022,10,Veneto,711004,150025027,473.92
2022,11,Abruzzo,96092,38530770,249.39
2022,11,Basilicata,14456,19912950,72.60
2022,11,Calabria,66168,90358500,73.23
2022,11,Campania,224992,172552800,130.39
2022,11,Emilia-Romagna,325592,125464650,259.51
2022,11,Friuli Venezia Giulia,88112,40191360,219.23
2022,11,Lazio,352332,167746080,210.04
2022,11,Liguria,101376,43294830,234.15
2022,11,Lombardia,689504,295443480,233.38
2022,11,Marche,98020,44868660,218.46
2022,11,Molise,10952,10686420,102.49
2022,11,Piemonte,269764,125492400,214.96
2022,11,Puglia,147260,114864390,128.20
2022,11,Sardegna,66568,48604140,136.96
2022,11,Sicilia,175968,147610410,119.21
2022,11,Toscana,225200,105377430,213.71
2022,11,Umbria,58632,31400640,186.72
2022,11,Valle d'Aosta,5416,7018410,77.17
2022,11,Veneto,556348,145185510,383.20
2022,12,Abruzzo,99772,39815129,250.59
2022,12,Basilicata,16924,20576715,82.25
2022,12,Calabria,77452,93370450,82.95
2022,12,Campania,239472,178304560,134.31
2022,12,Emilia-Romagna,265160,129646805,204.52
2022,12,Friuli Venezia Giulia,74352,41531072,179.03
2022,12,Lazio,286392,173337616,165.22
2022,12,Liguria,95016,44737991,212.38
2022,12,Lombardia,443604,305291596,145.31
2022,12,Marche,103432,46364282,223.09
2022,12,Molise,13260,11042634,120.08
2022,12,Piemonte,186664,129675480,143.95
2022,12,Puglia,169884,118693203,143.13
2022,12,Sardegna,56992,50224278,113.48
2022,12,Sicilia,189300,152530757,124.11
2022,12,Toscana,171744,108890011,157.72
2022,12,Umbria,51368,32447328,158.31
2022,12,Valle d'Aosta,4348,7252357,59.95
2022,12,Veneto,419836,150025027,279.84
2023,1,Abruzzo,44388,39317300,112.90
2023,1,Basilicata,9324,19654527,47.44
2023,1,Calabria,46376,93099200,49.81
2023,1,Campania,102096,171217030,59.63
2023,1,Emilia-Romagna,74752,128798955,58.04
2023,1,Friuli Venezia Giulia,25108,40988510,61.26
2023,1,Lazio,136268,176105730,77.38
2023,1,Liguria,20488,45331858,45.20
2023,1,Lombardia,135788,305685110,44.42
2023,1,Marche,29052,45742639,63.51
2023,1,Molise,6644,11047625,60.14
2023,1,Piemonte,44312,127970542,34.63
2023,1,Puglia,92404,120435961,76.72
2023,1,Sardegna,28404,49334888,57.57
2023,1,Sicilia,114256,149926168,76.21
2023,1,Toscana,54768,107646849,50.88
2023,1,Umbria,26044,32203358,80.87
2023,1,Valle d'Aosta,948,7461979,12.70
2023,1,Veneto,141544,147360019,96.05
2023,2,Abruzzo,13796,35512400,38.85
2023,2,Basilicata,1796,17752476,10.12
2023,2,Calabria,11724,84089600,13.94
2023,2,Campania,34676,154647640,22.42
2023,2,Emilia-Romagna,35368,116334540,30.40
2023,2,Friuli Venezia Giulia,9896,37021880,26.73
2023,2,Lazio,82484,159063240,51.86
2023,2,Liguria,8992,40944904,21.96
2023,2,Lombardia,69668,276102680,25.23
2023,2,Marche,9460,41315932,22.90
2023,2,Molise,980,9978500,9.82
2023,2,Piemonte,21424,115586296,18.54
2023,2,Puglia,22500,108780868,20.68
2023,2,Sardegna,12260,44560544,27.51
2023,2,Sicilia,28160,135417184,20.79
2023,2,Toscana,27852,97229412,28.65
2023,2,Umbria,10480,29086904,36.03
2023,2,Valle d'Aosta,548,6739852,8.13
2023,2,Veneto,70164,133099372,52.72
2023,3,Abruzzo,10264,39317300,26.11
2023,3,Basilicata,1480,19654527,7.53
2023,3,Calabria,8480,93099200,9.11
2023,3,Campania,33080,171217030,19.32
2023,3,Emilia-Romagna,29492,128798955,22.90
2023,3,Friuli Venezia Giulia,9492,40988510,23.16
2023,3,Lazio,59904,176105730,34.02
2023,3,Liguria,8856,45331858,19.54
2023,3,Lombardia,76000,305685110,24.86
2023,3,Marche,6224,45742639,13.61
2023,3,Molise,812,11047625,7.35
2023,3,Piemonte,23316,127970542,18.22
2023,3,Puglia,16792,120435961,13.94
2023,3,Sardegna,7136,49334888,14.46
2023,3,Sicilia,17132,149926168,11.43
2023,3,Toscana,22584,107646849,20.98
2023,3,Umbria,8720,32203358,27.08
2023,3,Valle d'Aosta,544,7461979,7.29
2023,3,Veneto,71676,147360019,48.64
2023,4,Abruzzo,14684,38049000,38.59
2023,4,Basilicata,1732,19020510,9.11
2023,4,Calabria,11424,90096000,12.68
2023,4,Campania,39104,165693900,23.60
2023,4,Emilia-Romagna,28536,124644150,22.89
2023,4,Friuli Venezia Giulia,9544,39666300,24.06
2023,4,Lazio,44608,170424900,26.17
2023,4,Liguria,10148,43869540,23.13
2023,4,Lombardia,66744,295824300,22.56
2023,4,Marche,6360,44267070,14.37
2023,4,Molise,2000,10691250,18.71
2023,4,Piemonte,28112,123842460,22.70
2023,4,Puglia,22688,116550930,19.47
2023,4,Sardegna,7596,47743440,15.91
2023,4,Sicilia,13836,145089840,9.54
2023,4,Toscana,22784,104174370,21.87
2023,4,Umbria,8732,31164540,28.02
2023,4,Valle d'Aosta,720,7221270,9.97
2023,4,Veneto,58244,142606470,40.84
2023,5,Abruzzo,14028,39317300,35.68
2023,5,Basilicata,1456,19654527,7.41
2023,5,Calabria,10164,93099200,10.92
2023,5,Campania,28472,171217030,16.63
2023,5,Emilia-Romagna,17732,128798955,13.77
2023,5,Friuli Venezia Giulia,7088,40988510,17.29
2023,5,Lazio,39292,176105730,22.31
2023,5,Liguria,7876,45331858,17.37
2023,5,Lombardia,39168,305685110,12.81
2023,5,Marche,6268,45742639,13.70
2023,5,Molise,1284,11047625,11.62
2023,5,Piemonte,16260,127970542,12.71
2023,5,Puglia,16120,120435961,13.38
2023,5,Sardegna,7036,49334888,14.26
2023,5,Sicilia,9472,149926168,6.32
2023,5,Toscana,18288,107646849,16.99
2023,5,Umbria,7504,32203358,23.30
2023,5,Valle d'Aosta,360,7461979,4.82
2023,5,Veneto,35496,147360019,24.09
2023,6,Abruzzo,5432,38049000,14.28
2023,6,Basilicata,588,19020510,3.09
2023,6,Calabria,5536,90096000,6.14
2023,6,Campania,10028,165693900,6.05
2023,6,Emilia-Romagna,6048,124644150,4.85
2023,6,Friuli Venezia Giulia,2300,39666300,5.80
2023,6,Lazio,20176,170424900,11.84
2023,6,Liguria,3420,43869540,7.80
2023,6,Lombardia,13912,295824300,4.70
2023,6,Marche,2236,44267070,5.05
2023,6,Molise,412,10691250,3.85
2023,6,Piemonte,5624,123842460,4.54
2023,6,Puglia,5688,116550930,4.88
2023,6,Sardegna,5972,47743440,12.51
2023,6,Sicilia,8192,145089840,5.65
2023,6,Toscana,7968,104174370,7.65
2023,6,Umbria,2368,31164540,7.60
2023,6,Valle d'Aosta,148,7221270,2.05
2023,6,Veneto,10984,142606470,7.70
2023,7,Abruzzo,1868,39317300,4.75
2023,7,Basilicata,172,19654527,0.88
2023,7,Calabria,1740,93099200,1.87
2023,7,Campania,5036,171217030,2.94
2023,7,Emilia-Romagna,4112,128798955,3.19
2023,7,Friuli Venezia Giulia,1404,40988510,3.43
2023,7,Lazio,10892,176105730,6.18
2023,7,Liguria,2084,45331858,4.60
2023,7,Lombardia,9016,305685110,2.95
2023,7,Marche,1228,45742639,2.68
2023,7,Molise,112,11047625,1.01
2023,7,Piemonte,3204,127970542,2.50
2023,7,Puglia,2792,120435961,2.32
2023,7,Sardegna,2608,49334888,5.29
2023,7,Sicilia,4912,149926168,3.28
2023,7,Toscana,4960,107646849,4.61
2023,7,Umbria,1044,32203358,3.24
2023,7,Valle d'Aosta,104,7461979,1.39
2023,7,Veneto,7836,147360019,5.32
2023,8,Abruzzo,5128,39317300,13.04
2023,8,Basilicata,312,19654527,1.59
2023,8,Calabria,6012,93099200,6.46
2023,8,Campania,15632,171217030,9.13
2023,8,Emilia-Romagna,12348,128798955,9.59
2023,8,Friuli Venezia Giulia,3452,40988510,8.42
2023,8,Lazio,24320,176105730,13.81
2023,8,Liguria,6536,45331858,14.42
2023,8,Lombardia,26300,305685110,8.60
2023,8,Marche,4524,45742639,9.89
2023,8,Molise,580,11047625,5.25
2023,8,Piemonte,8960,127970542,7.00
2023,8,Puglia,11136,120435961,9.25
2023,8,Sardegna,7816,49334888,15.84
2023,8,Sicilia,3240,149926168,2.16
2023,8,Toscana,11916,107646849,11.07
2023,8,Umbria,2568,32203358,7.97
2023,8,Valle d'Aosta,268,7461979,3.59
2023,8,Veneto,24476,147360019,16.61
2023,9,Abruzzo,12268,38049000,32.24
2023,9,Basilicata,1156,19020510,6.08
2023,9,Calabria,13244,90096000,14.70
2023,9,Campania,73336,165693900,44.26
2023,9,Emilia-Romagna,36872,124644150,29.58
2023,9,Friuli Venezia Giulia,10888,39666300,27.45
2023,9,Lazio,71520,170424900,41.97
2023,9,Liguria,12580,43869540,28.68
2023,9,Lombardia,117932,295824300,39.87
2023,9,Marche,10188,44267070,23.01
2023,9,Molise,1400,10691250,13.09
2023,9,Piemonte,42780,123842460,34.54
2023,9,Puglia,25668,116550930,22.02
2023,9,Sardegna,13128,47743440,27.50
2023,9,Sicilia,3260,145089840,2.25
2023,9,Toscana,33324,104174370,31.99
2023,9,Umbria,9796,31164540,31.43
2023,9,Valle d'Aosta,1080,7221270,14.96
2023,9,Veneto,78688,142606470,55.18
2023,10,Abruzzo,13892,39317300,35.33
2023,10,Basilicata,888,19654527,4.52
2023,10,Calabria,7608,93099200,8.17
2023,10,Campania,52672,171217030,30.76
2023,10,Emilia-Romagna,43128,128798955,33.48
2023,10,Friuli Venezia Giulia,12044,40988510,29.38
2023,10,Lazio,69032,176105730,39.20
2023,10,Liguria,15600,45331858,34.41
2023,10,Lombardia,145356,305685110,47.55
2023,10,Marche,11224,45742639,24.54
2023,10,Molise,1584,11047625,14.34
2023,10,Piemonte,58588,127970542,45.78
2023,10,Puglia,27176,120435961,22.56
2023,10,Sardegna,7184,49334888,14.56
2023,10,Sicilia,2324,149926168,1.55
2023,10,Toscana,36600,107646849,34.00
2023,10,Umbria,11824,32203358,36.72
2023,10,Valle d'Aosta,2060,7461979,27.61
2023,10,Veneto,91816,147360019,62.31
2023,11,Abruzzo,21956,38049000,57.70
2023,11,Basilicata,1020,19020510,5.36
2023,11,Calabria,5916,90096000,6.57
2023,11,Campania,32688,165693900,19.73
2023,11,Emilia-Romagna,52108,124644150,41.81
2023,11,Friuli Venezia Giulia,14624,39666300,36.87
2023,11,Lazio,64456,170424900,37.82
2023,11,Liguria,16384,43869540,37.35
2023,11,Lombardia,179424,295824300,60.65
2023,11,Marche,14700,44267070,33.21
2023,11,Molise,1496,10691250,13.99
2023,11,Piemonte,72572,123842460,58.60
2023,11,Puglia,28124,116550930,24.13
2023,11,Sardegna,2072,47743440,4.34
2023,11,Sicilia,1124,145089840,0.77
2023,11,Toscana,32044,104174370,30.76
2023,11,Umbria,8496,31164540,27.26
2023,11,Valle d'Aosta,1180,7221270,16.34
2023,11,Veneto,134268,142606470,94.15
2023,12,Abruzzo,43600,39317300,110.89
2023,12,Basilicata,2088,19654527,10.62
2023,12,Calabria,17888,93099200,19.21
2023,12,Campania,96064,171217030,56.11
2023,12,Emilia-Romagna,55368,128798955,42.99
2023,12,Friuli Venezia Giulia,20324,40988510,49.58
2023,12,Lazio,148880,176105730,84.54
2023,12,Liguria,26800,45331858,59.12
2023,12,Lombardia,173308,305685110,56.69
2023,12,Marche,24812,45742639,54.24
2023,12,Molise,4480,11047625,40.55
2023,12,Piemonte,66916,127970542,52.29
2023,12,Puglia,66136,120435961,54.91
2023,12,Sardegna,4316,49334888,8.75
2023,12,Sicilia,2836,149926168,1.89
2023,12,Toscana,51940,107646849,48.25
2023,12,Umbria,19216,32203358,59.67
2023,12,Valle d'Aosta,1160,7461979,15.55
2023,12,Veneto,121616,147360019,82.53
2024,1,Abruzzo,6832,40297768,16.95
2024,1,Basilicata,736,19531798,3.77
2024,1,Calabria,6392,96065249,6.65
2024,1,Campania,27496,170054499,16.17
2024,1,Emilia-Romagna,9548,130287048,7.33
2024,1,Friuli Venezia Giulia,3520,40706751,8.65
2024,1,Lazio,33352,174218047,19.14
2024,1,Liguria,4348,45596536,9.54
2024,1,Lombardia,30692,299100741,10.26
2024,1,Marche,3668,44485837,8.25
2024,1,Molise,844,10936366,7.72
2024,1,Piemonte,10172,126968839,8.01
2024,1,Puglia,21576,117506151,18.36
2024,1,Sardegna,1964,48444289,4.05
2024,1,Sicilia,2252,151198284,1.49
2024,1,Toscana,10592,107324728,9.87
2024,1,Umbria,2428,32538747,7.46
2024,1,Valle d'Aosta,248,7180220,3.45
2024,1,Veneto,25720,148960518,17.27
2024,2,Abruzzo,784,37697912,2.08
2024,2,Basilicata,44,18271682,0.24
2024,2,Calabria,748,89867491,0.83
2024,2,Campania,2508,159083241,1.58
2024,2,Emilia-Romagna,1896,121881432,1.56
2024,2,Friuli Venezia Giulia,756,38080509,1.99
2024,2,Lazio,4192,162978173,2.57
2024,2,Liguria,604,42654824,1.42
2024,2,Lombardia,6796,279803919,2.43
2024,2,Marche,448,41615783,1.08
2024,2,Molise,44,10230794,0.43
2024,2,Piemonte,1812,118777301,1.53
2024,2,Puglia,2352,109925109,2.14
2024,2,Sardegna,280,45318851,0.62
2024,2,Sicilia,416,141443556,0.29
2024,2,Toscana,2128,100400552,2.12
2024,2,Umbria,332,30439473,1.09
2024,2,Valle d'Aosta,56,6716980,0.83
2024,2,Veneto,6116,139350162,4.39
2024,3,Abruzzo,216,40297768,0.54
2024,3,Basilicata,12,19531798,0.06
2024,3,Calabria,160,96065249,0.17
2024,3,Campania,920,170054499,0.54
2024,3,Emilia-Romagna,840,130287048,0.64
2024,3,Friuli Venezia Giulia,188,40706751,0.46
2024,3,Lazio,1800,174218047,1.03
2024,3,Liguria,112,45596536,0.25
2024,3,Lombardia,3264,299100741,1.09
2024,3,Marche,252,44485837,0.57
2024,3,Molise,16,10936366,0.15
2024,3,Piemonte,752,126968839,0.59
2024,3,Puglia,848,117506151,0.72
2024,3,Sardegna,124,48444289,0.26
2024,3,Sicilia,320,151198284,0.21
2024,3,Toscana,896,107324728,0.83
2024,3,Umbria,160,32538747,0.49
2024,3,Valle d'Aosta,24,7180220,0.33
2024,3,Veneto,2120,148960518,1.42
2024,4,Abruzzo,44,38997840,0.11
2024,4,Basilicata,12,18901740,0.06
2024,4,Calabria,40,92966370,0.04
2024,4,Campania,640,164568870,0.39
2024,4,Emilia-Romagna,600,126084240,0.48
2024,4,Friuli Venezia Giulia,144,39393630,0.37
2024,4,Lazio,1192,168598110,0.71
2024,4,Liguria,224,44125680,0.51
2024,4,Lombardia,2740,289452330,0.95
2024,4,Marche,132,43050810,0.31
2024,4,Molise,8,10583580,0.08
2024,4,Piemonte,752,122873070,0.61
2024,4,Puglia,580,113715630,0.51
2024,4,Sardegna,88,46881570,0.19
2024,4,Sicilia,244,146320920,0.17
2024,4,Toscana,728,103862640,0.70
2024,4,Umbria,124,31489110,0.39
2024,4,Valle d'Aosta,20,6948600,0.29
2024,4,Veneto,1420,144155340,0.99
2024,5,Abruzzo,92,40297768,0.23
2024,5,Basilicata,16,19531798,0.08
2024,5,Calabria,132,96065249,0.14
2024,5,Campania,1108,170054499,0.65
2024,5,Emilia-Romagna,856,130287048,0.66
2024,5,Friuli Venezia Giulia,276,40706751,0.68
2024,5,Lazio,2828,174218047,1.62
2024,5,Liguria,340,45596536,0.75
2024,5,Lombardia,4500,299100741,1.50
2024,5,Marche,32,44485837,0.07
2024,5,Molise,4,10936366,0.04
2024,5,Piemonte,1144,126968839,0.90
2024,5,Puglia,904,117506151,0.77
2024,5,Sardegna,212,48444289,0.44
2024,5,Sicilia,244,151198284,0.16
2024,5,Toscana,1240,107324728,1.16
2024,5,Umbria,172,32538747,0.53
2024,5,Valle d'Aosta,20,7180220,0.28
2024,5,Veneto,1744,148960518,1.17
2024,6,Abruzzo,360,38997840,0.92
2024,6,Basilicata,60,18901740,0.32
2024,6,Calabria,440,92966370,0.47
2024,6,Campania,4144,164568870,2.52
2024,6,Emilia-Romagna,1912,126084240,1.52
2024,6,Friuli Venezia Giulia,616,39393630,1.56
2024,6,Lazio,7924,168598110,4.70
2024,6,Liguria,1284,44125680,2.91
2024,6,Lombardia,7844,289452330,2.71
2024,6,Marche,84,43050810,0.20
2024,6,Molise,32,10583580,0.30
2024,6,Piemonte,2628,122873070,2.14
2024,6,Puglia,1860,113715630,1.64
2024,6,Sardegna,612,46881570,1.31
2024,6,Sicilia,764,146320920,0.52
2024,6,Toscana,2116,103862640,2.04
2024,6,Umbria,352,31489110,1.12
2024,6,Valle d'Aosta,60,6948600,0.86
2024,6,Veneto,3720,144155340,2.58
2024,7,Abruzzo,3292,40297768,8.17
2024,7,Basilicata,240,19531798,1.23
2024,7,Calabria,3600,96065249,3.75
2024,7,Campania,32800,170054499,19.29
2024,7,Emilia-Romagna,10684,130287048,8.20
2024,7,Friuli Venezia Giulia,2528,40706751,6.21
2024,7,Lazio,30708,174218047,17.63
2024,7,Liguria,6052,45596536,13.27
2024,7,Lombardia,34600,299100741,11.57
2024,7,Marche,232,44485837,0.52
2024,7,Molise,196,10936366,1.79
2024,7,Piemonte,11016,126968839,8.68
2024,7,Puglia,14236,117506151,12.12
2024,7,Sardegna,4368,48444289,9.02
2024,7,Sicilia,1944,151198284,1.29
2024,7,Toscana,11788,107324728,10.98
2024,7,Umbria,2660,32538747,8.17
2024,7,Valle d'Aosta,212,7180220,2.95
2024,7,Veneto,17260,148960518,11.59
2024,8,Abruzzo,8524,40297768,21.15
2024,8,Basilicata,1024,19531798,5.24
2024,8,Calabria,7520,96065249,7.83
2024,8,Campania,42268,170054499,24.86
2024,8,Emilia-Romagna,18848,130287048,14.47
2024,8,Friuli Venezia Giulia,4900,40706751,12.04
2024,8,Lazio,33916,174218047,19.47
2024,8,Liguria,6788,45596536,14.89
2024,8,Lombardia,42044,299100741,14.06
2024,8,Marche,448,44485837,1.01
2024,8,Molise,1012,10936366,9.25
2024,8,Piemonte,12672,126968839,9.98
2024,8,Puglia,29532,117506151,25.13
2024,8,Sardegna,8800,48444289,18.17
2024,8,Sicilia,3544,151198284,2.34
2024,8,Toscana,17772,107324728,16.56
2024,8,Umbria,4752,32538747,14.60
2024,8,Valle d'Aosta,356,7180220,4.96
2024,8,Veneto,29944,148960518,20.10
2024,9,Abruzzo,4324,38997840,11.09
2024,9,Basilicata,568,18901740,3.01
2024,9,Calabria,2132,92966370,2.29
2024,9,Campania,16924,164568870,10.28
2024,9,Emilia-Romagna,12060,126084240,9.57
2024,9,Friuli Venezia Giulia,4648,39393630,11.80
2024,9,Lazio,21028,168598110,12.47
2024,9,Liguria,3460,44125680,7.84
2024,9,Lombardia,41848,289452330,14.46
2024,9,Marche,364,43050810,0.85
2024,9,Molise,684,10583580,6.46
2024,9,Piemonte,12596,122873070,10.25
2024,9,Puglia,9964,113715630,8.76
2024,9,Sardegna,2228,46881570,4.75
2024,9,Sicilia,1048,146320920,0.72
2024,9,Toscana,10292,103862640,9.91
2024,9,Umbria,3724,31489110,11.83
2024,9,Valle d'Aosta,212,6948600,3.05
2024,9,Veneto,28020,144155340,19.44
2024,10,Abruzzo,2944,40297768,7.31
2024,10,Basilicata,244,19531798,1.25
2024,10,Calabria,1396,96065249,1.45
2024,10,Campania,8276,170054499,4.87
2024,10,Emilia-Romagna,12308,130287048,9.45
2024,10,Friuli Venezia Giulia,4968,40706751,12.20
2024,10,Lazio,16956,174218047,9.73
2024,10,Liguria,4068,45596536,8.92
2024,10,Lombardia,54580,299100741,18.25
2024,10,Marche,296,44485837,0.67
2024,10,Molise,332,10936366,3.04
2024,10,Piemonte,19976,126968839,15.73
2024,10,Puglia,5760,117506151,4.90
2024,10,Sardegna,1184,48444289,2.44
2024,10,Sicilia,344,151198284,0.23
2024,10,Toscana,11284,107324728,10.51
2024,10,Umbria,1744,32538747,5.36
2024,10,Valle d'Aosta,316,7180220,4.40
2024,10,Veneto,27820,148960518,18.68
2024,11,Abruzzo,596,38997840,1.53
2024,11,Basilicata,36,18901740,0.19
2024,11,Calabria,492,92966370,0.53
2024,11,Campania,1916,164568870,1.16
2024,11,Emilia-Romagna,3792,126084240,3.01
2024,11,Friuli Venezia Giulia,1456,39393630,3.70
2024,11,Lazio,5504,168598110,3.26
2024,11,Liguria,1580,44125680,3.58
2024,11,Lombardia,11360,289452330,3.92
2024,11,Marche,412,43050810,0.96
2024,11,Molise,88,10583580,0.83
2024,11,Piemonte,3824,122873070,3.11
2024,11,Puglia,1836,113715630,1.61
2024,11,Sardegna,936,46881570,2.00
2024,11,Sicilia,156,146320920,0.11
2024,11,Toscana,3996,103862640,3.85
2024,11,Umbria,48,31489110,0.15
2024,11,Valle d'Aosta,28,6948600,0.40
2024,11,Veneto,8228,144155340,5.71
2024,12,Abruzzo,472,40297768,1.17
2024,12,Basilicata,32,19531798,0.16
2024,12,Calabria,300,96065249,0.31
2024,12,Campania,1344,170054499,0.79
2024,12,Emilia-Romagna,3520,130287048,2.70
2024,12,Friuli Venezia Giulia,1156,40706751,2.84
2024,12,Lazio,4852,174218047,2.79
2024,12,Liguria,516,45596536,1.13
2024,12,Lombardia,8024,299100741,2.68
2024,12,Marche,220,44485837,0.49
2024,12,Molise,36,10936366,0.33
2024,12,Piemonte,2412,126968839,1.90
2024,12,Puglia,1344,117506151,1.14
2024,12,Sardegna,1248,48444289,2.58
2024,12,Sicilia,212,151198284,0.14
2024,12,Toscana,3244,107324728,3.02
2024,12,Umbria,24,32538747,0.07
2024,12,Valle d'Aosta,32,7180220,0.45
2024,12,Veneto,4140,148960518,2.78
